,지역명,연도,월,평당분양가격
0,서울,2013,12,18189.0
1,부산,2013,12,8111.0
2,대구,2013,12,8080.0
3,인천,2013,12,10204.0
4,광주,2013,12,6098.0
5,대전,2013,12,8321.0
6,울산,2013,12,8090.0
7,경기,2013,12,10855.0
8,세종,2013,12,7601.0
9,강원,2013,12,6230.0
10,충북,2013,12,6589.0
11,충남,2013,12,6365.0
12,전북,2013,12,6282.0
13,전남,2013,12,5678.0
14,경북,2013,12,6168.0
15,경남,2013,12,6473.0
16,제주,2013,12,7674.0
17,서울,2014,1,17925.0
18,부산,2014,1,8111.0
19,대구,2014,1,8080.0
20,인천,2014,1,10204.0
21,광주,2014,1,7326.0
22,대전,2014,1,8321.0
23,울산,2014,1,8090.0
24,경기,2014,1,10855.0
25,세종,2014,1,7600.0
26,강원,2014,1,6230.0
27,충북,2014,1,6589.0
28,충남,2014,1,6365.0
29,전북,2014,1,6281.0
30,전남,2014,1,5678.0
31,경북,2014,1,6168.0
32,경남,2014,1,6485.0
33,제주,2014,1,7900.0
34,서울,2014,2,17925.0
35,부산,2014,2,9078.0
36,대구,2014,2,8077.0
37,인천,2014,2,10408.0
38,광주,2014,2,7611.0
39,대전,2014,2,8321.0
40,울산,2014,2,8090.0
41,경기,2014,2,10791.0
42,세종,2014,2,7532.0
43,강원,2014,2,6230.0
44,충북,2014,2,6611.0
45,충남,2014,2,6379.0
46,전북,2014,2,5946.0
47,전남,2014,2,5678.0
48,경북,2014,2,6234.0
49,경남,2014,2,6502.0
50,제주,2014,2,7900.0
51,서울,2014,3,18016.0
52,부산,2014,3,8965.0
53,대구,2014,3,8101.0
54,인천,2014,3,10408.0
55,광주,2014,3,7346.0
56,대전,2014,3,8341.0
57,울산,2014,3,8153.0
58,경기,2014,3,10784.0
59,세종,2014,3,7814.0
60,강원,2014,3,6141.0
61,충북,2014,3,6625.0
62,충남,2014,3,6287.0
63,전북,2014,3,5966.0
64,전남,2014,3,5696.0
65,경북,2014,3,6317.0
66,경남,2014,3,6610.0
67,제주,2014,3,7900.0
68,서울,2014,4,18098.0
69,부산,2014,4,9402.0
70,대구,2014,4,8267.0
71,인천,2014,4,10000.0
72,광주,2014,4,7346.0
73,대전,2014,4,8341.0
74,울산,2014,4,8153.0
75,경기,2014,4,10876.0
76,세종,2014,4,7908.0
77,강원,2014,4,6373.0
78,충북,2014,4,6678.0
79,충남,2014,4,6552.0
80,전북,2014,4,6277.0
81,전남,2014,4,5736.0
82,경북,2014,4,6412.0
83,경남,2014,4,6599.0
84,제주,2014,4,7900.0
85,서울,2014,5,19446.0
86,부산,2014,5,9501.0
87,대구,2014,5,8274.0
88,인천,2014,5,9844.0
89,광주,2014,5,7523.0
90,대전,2014,5,8341.0
91,울산,2014,5,8153.0
92,경기,2014,5,10646.0
93,세종,2014,5,7934.0
94,강원,2014,5,6350.0
95,충북,2014,5,6598.0
96,충남,2014,5,6591.0
97,전북,2014,5,6306.0
98,전남,2014,5,5656.0
99,경북,2014,5,6409.0
100,경남,2014,5,6610.0
101,제주,2014,5,7900.0
102,서울,2014,6,18867.0
103,부산,2014,6,9453.0
104,대구,2014,6,8360.0
105,인천,2014,6,10058.0
106,광주,2014,6,7659.0
107,대전,2014,6,8333.0
108,울산,2014,6,8153.0
109,경기,2014,6,10266.0
110,세종,2014,6,8067.0
111,강원,2014,6,6350.0
112,충북,2014,6,6587.0
113,충남,2014,6,6644.0
114,전북,2014,6,6351.0
115,전남,2014,6,5609.0
116,경북,2014,6,6554.0
117,경남,2014,6,6615.0
118,제주,2014,6,7914.0
119,서울,2014,7,18742.0
120,부산,2014,7,9457.0
121,대구,2014,7,8360.0
122,인천,2014,7,9974.0
123,광주,2014,7,7612.0
124,대전,2014,7,8333.0
125,울산,2014,7,8153.0
126,경기,2014,7,10124.0
127,세종,2014,7,8067.0
128,강원,2014,7,6268.0
129,충북,2014,7,6586.0
130,충남,2014,7,6805.0
131,전북,2014,7,6319.0
132,전남,2014,7,5780.0
133,경북,2014,7,6556.0
134,경남,2014,7,6613.0
135,제주,2014,7,7914.0
136,서울,2014,8,19274.0
137,부산,2014,8,9411.0
138,대구,2014,8,8370.0
139,인천,2014,8,9973.0
140,광주,2014,8,7622.0
141,대전,2014,8,8333.0
142,울산,2014,8,8493.0
143,경기,2014,8,10134.0
144,세종,2014,8,8141.0
145,강원,2014,8,6268.0
146,충북,2014,8,6586.0
147,충남,2014,8,6914.0
148,전북,2014,8,6436.0
149,전남,2014,8,5685.0
150,경북,2014,8,6563.0
151,경남,2014,8,6606.0
152,제주,2014,8,7914.0
153,서울,2014,9,19404.0
154,부산,2014,9,9258.0
155,대구,2014,9,8449.0
156,인천,2014,9,9973.0
157,광주,2014,9,7802.0
158,대전,2014,9,8048.0
159,울산,2014,9,8493.0
160,경기,2014,9,10501.0
161,세종,2014,9,8282.0
162,강원,2014,9,6419.0
163,충북,2014,9,6584.0
164,충남,2014,9,6882.0
165,전북,2014,9,6719.0
166,전남,2014,9,5804.0
167,경북,2014,9,6577.0
168,경남,2014,9,6767.0
169,제주,2014,9,7833.0
170,서울,2014,10,19759.0
171,부산,2014,10,9110.0
172,대구,2014,10,8403.0
173,인천,2014,10,10016.0
174,광주,2014,10,7707.0
175,대전,2014,10,8038.0
176,울산,2014,10,8627.0
177,경기,2014,10,10397.0
178,세종,2014,10,8527.0
179,강원,2014,10,6631.0
180,충북,2014,10,6529.0
181,충남,2014,10,6831.0
182,전북,2014,10,6581.0
183,전남,2014,10,5753.0
184,경북,2014,10,6778.0
185,경남,2014,10,6881.0
186,제주,2014,10,7724.0
187,서울,2014,11,20242.0
188,부산,2014,11,9208.0
189,대구,2014,11,8439.0
190,인천,2014,11,10020.0
191,광주,2014,11,7752.0
192,대전,2014,11,8067.0
193,울산,2014,11,8891.0
194,경기,2014,11,10356.0
195,세종,2014,11,8592.0
196,강원,2014,11,6365.0
197,충북,2014,11,6724.0
198,충남,2014,11,6940.0
199,전북,2014,11,6583.0
200,전남,2014,11,5768.0
201,경북,2014,11,6881.0
202,경남,2014,11,7125.0
203,제주,2014,11,7724.0
204,서울,2014,12,20269.0
205,부산,2014,12,9208.0
206,대구,2014,12,8253.0
207,인천,2014,12,10020.0
208,광주,2014,12,7748.0
209,대전,2014,12,8067.0
210,울산,2014,12,8891.0
211,경기,2014,12,10379.0
212,세종,2014,12,8560.0
213,강원,2014,12,6365.0
214,충북,2014,12,6743.0
215,충남,2014,12,6989.0
216,전북,2014,12,6583.0
217,전남,2014,12,5784.0
218,경북,2014,12,6989.0
219,경남,2014,12,7332.0
220,제주,2014,12,7739.0
221,서울,2015,1,20670.0
222,부산,2015,1,9204.0
223,대구,2015,1,8327.0
224,인천,2015,1,10017.0
225,광주,2015,1,7752.0
226,대전,2015,1,8067.0
227,울산,2015,1,8526.0
228,경기,2015,1,10391.0
229,세종,2015,1,8560.0
230,강원,2015,1,6348.0
231,충북,2015,1,6749.0
232,충남,2015,1,6976.0
233,전북,2015,1,6583.0
234,전남,2015,1,5784.0
235,경북,2015,1,6992.0
236,경남,2015,1,7592.0
237,제주,2015,1,7739.0
238,서울,2015,2,20670.0
239,부산,2015,2,9235.0
240,대구,2015,2,8416.0
241,인천,2015,2,9876.0
242,광주,2015,2,7756.0
243,대전,2015,2,8067.0
244,울산,2015,2,8526.0
245,경기,2015,2,10355.0
246,세종,2015,2,8560.0
247,강원,2015,2,6350.0
248,충북,2015,2,6747.0
249,충남,2015,2,6980.0
250,전북,2015,2,6583.0
251,전남,2015,2,5833.0
252,경북,2015,2,6953.0
253,경남,2015,2,7588.0
254,제주,2015,2,7739.0
255,서울,2015,3,19415.0
256,부산,2015,3,9279.0
257,대구,2015,3,8441.0
258,인천,2015,3,9876.0
259,광주,2015,3,7861.0
260,대전,2015,3,8067.0
261,울산,2015,3,8629.0
262,경기,2015,3,10469.0
263,세종,2015,3,8555.0
264,강원,2015,3,6182.0
265,충북,2015,3,6783.0
266,충남,2015,3,7161.0
267,전북,2015,3,6542.0
268,전남,2015,3,5825.0
269,경북,2015,3,6997.0
270,경남,2015,3,7668.0
271,제주,2015,3,7826.0
272,서울,2015,4,18842.0
273,부산,2015,4,9327.0
274,대구,2015,4,8446.0
275,인천,2015,4,9938.0
276,광주,2015,4,7914.0
277,대전,2015,4,8145.0
278,울산,2015,4,9380.0
279,경기,2015,4,10684.0
280,세종,2015,4,8546.0
281,강원,2015,4,6924.0
282,충북,2015,4,6790.0
283,충남,2015,4,7017.0
284,전북,2015,4,6551.0
285,전남,2015,4,5940.0
286,경북,2015,4,7006.0
287,경남,2015,4,7683.0
288,제주,2015,4,7285.0
289,서울,2015,5,18367.0
290,부산,2015,5,9345.0
291,대구,2015,5,8568.0
292,인천,2015,5,10551.0
293,광주,2015,5,7877.0
294,대전,2015,5,8272.0
295,울산,2015,5,9192.0
296,경기,2015,5,10685.0
297,세종,2015,5,8546.0
298,강원,2015,5,6846.0
299,충북,2015,5,6805.0
300,충남,2015,5,6975.0
301,전북,2015,5,6556.0
302,전남,2015,5,6050.0
303,경북,2015,5,6966.0
304,경남,2015,5,7717.0
305,제주,2015,5,7285.0
306,서울,2015,6,18374.0
307,부산,2015,6,9515.0
308,대구,2015,6,8542.0
309,인천,2015,6,10443.0
310,광주,2015,6,7881.0
311,대전,2015,6,8079.0
312,울산,2015,6,9190.0
313,경기,2015,6,10573.0
314,세종,2015,6,8671.0
315,강원,2015,6,6986.0
316,충북,2015,6,6682.0
317,충남,2015,6,6939.0
318,전북,2015,6,6601.0
319,전남,2015,6,6243.0
320,경북,2015,6,6887.0
321,경남,2015,6,7715.0
322,제주,2015,6,7343.0
323,서울,2015,7,18152.0
324,부산,2015,7,9559.0
325,대구,2015,7,8542.0
326,인천,2015,7,10443.0
327,광주,2015,7,8089.0
328,대전,2015,7,8079.0
329,울산,2015,7,9190.0
330,경기,2015,7,10518.0
331,세종,2015,7,8669.0
332,강원,2015,7,7019.0
333,충북,2015,7,6601.0
334,충남,2015,7,6935.0
335,전북,2015,7,6750.0
336,전남,2015,7,6286.0
337,경북,2015,7,7035.0
338,경남,2015,7,7723.0
339,제주,2015,7,7343.0
340,서울,2015,8,18443.0
341,부산,2015,8,9581.0
342,대구,2015,8,8795.0
343,인천,2015,8,10449.0
344,광주,2015,8,8231.0
345,대전,2015,8,8079.0
346,울산,2015,8,9215.0
347,경기,2015,8,10573.0
348,세종,2015,8,8695.0
349,강원,2015,8,7008.0
350,충북,2015,8,6603.0
351,충남,2015,8,6942.0
352,전북,2015,8,6580.0
353,전남,2015,8,6289.0
354,경북,2015,8,7037.0
355,경남,2015,8,7665.0
356,제주,2015,8,7343.0
357,서울,2015,10,19275.3
358,인천,2015,10,10437.9
359,경기,2015,10,10355.4
360,부산,2015,10,10269.599999999999
361,대구,2015,10,8850.6
362,광주,2015,10,7986.0
363,대전,2015,10,8098.2
364,울산,2015,10,10074.9
365,세종,2015,10,8718.6
366,강원,2015,10,7151.099999999999
367,충북,2015,10,6705.599999999999
368,충남,2015,10,6926.7
369,전북,2015,10,6778.2
370,전남,2015,10,6352.5
371,경북,2015,10,7088.4
372,경남,2015,10,7560.299999999999
373,제주,2015,10,7365.599999999999
374,서울,2015,11,19965.0
375,인천,2015,11,10507.199999999999
376,경기,2015,11,10223.4
377,부산,2015,11,10332.3
378,대구,2015,11,9071.699999999999
379,광주,2015,11,7999.2
380,대전,2015,11,8098.2
381,울산,2015,11,10041.9
382,세종,2015,11,8738.4
383,강원,2015,11,7164.299999999999
384,충북,2015,11,6613.2
385,충남,2015,11,6930.0
386,전북,2015,11,6788.099999999999
387,전남,2015,11,6299.7
388,경북,2015,11,7227.0
389,경남,2015,11,7583.4
390,제주,2015,11,7365.599999999999
391,서울,2015,12,19935.3
392,인천,2015,12,10507.199999999999
393,경기,2015,12,10553.4
394,부산,2015,12,10319.099999999999
395,대구,2015,12,9774.6
396,광주,2015,12,8170.799999999999
397,대전,2015,12,8098.2
398,울산,2015,12,10041.9
399,세종,2015,12,8794.5
400,강원,2015,12,7164.299999999999
401,충북,2015,12,6616.5
402,충남,2015,12,7487.7
403,전북,2015,12,6543.9
404,전남,2015,12,6299.7
405,경북,2015,12,7197.299999999999
406,경남,2015,12,7613.099999999999
407,제주,2015,12,7484.4
408,서울,2016,1,20156.399999999998
409,인천,2016,1,10530.3
410,경기,2016,1,10553.4
411,부산,2016,1,10401.599999999999
412,대구,2016,1,10183.8
413,광주,2016,1,8477.699999999999
414,대전,2016,1,8098.2
415,울산,2016,1,10051.8
416,세종,2016,1,8794.5
417,강원,2016,1,7170.9
418,충북,2016,1,6626.4
419,충남,2016,1,7491.0
420,전북,2016,1,6534.0
421,전남,2016,1,6299.7
422,경북,2016,1,7197.299999999999
423,경남,2016,1,7679.099999999999
424,제주,2016,1,7484.4
425,서울,2016,2,20166.3
426,인천,2016,2,10533.599999999999
427,경기,2016,2,10622.699999999999
428,부산,2016,2,10408.199999999999
429,대구,2016,2,10111.199999999999
430,광주,2016,2,8477.699999999999
431,대전,2016,2,8098.2
432,울산,2016,2,10051.8
433,세종,2016,2,8794.5
434,강원,2016,2,7170.9
435,충북,2016,2,6626.4
436,충남,2016,2,7497.599999999999
437,전북,2016,2,6534.0
438,전남,2016,2,6345.9
439,경북,2016,2,7190.7
440,경남,2016,2,7781.4
441,제주,2016,2,7484.4
442,서울,2016,3,20370.899999999998
443,인천,2016,3,10527.0
444,경기,2016,3,10609.5
445,부산,2016,3,10487.4
446,대구,2016,3,10292.699999999999
447,광주,2016,3,8547.0
448,대전,2016,3,8098.2
449,울산,2016,3,10117.8
450,세종,2016,3,8811.0
451,강원,2016,3,7240.2
452,충북,2016,3,6534.0
453,충남,2016,3,6979.5
454,전북,2016,3,6438.299999999999
455,전남,2016,3,6339.299999999999
456,경북,2016,3,7190.7
457,경남,2016,3,7863.9
458,제주,2016,3,7636.2
459,서울,2016,4,20595.3
460,인천,2016,4,10685.4
461,경기,2016,4,10556.699999999999
462,부산,2016,4,10457.699999999999
463,대구,2016,4,10335.599999999999
464,광주,2016,4,8910.0
465,대전,2016,4,8081.7
466,울산,2016,4,10137.599999999999
467,세종,2016,4,8844.0
468,강원,2016,4,7062.0
469,충북,2016,4,6494.4
470,충남,2016,4,7157.7
471,전북,2016,4,6299.7
472,전남,2016,4,6352.5
473,경북,2016,4,7184.099999999999
474,경남,2016,4,7890.299999999999
475,제주,2016,4,8972.699999999999
476,서울,2016,5,20671.199999999997
477,인천,2016,5,10490.699999999999
478,경기,2016,5,11361.9
479,부산,2016,5,10388.4
480,대구,2016,5,10335.599999999999
481,광주,2016,5,8982.6
482,대전,2016,5,8134.5
483,울산,2016,5,10154.099999999999
484,세종,2016,5,8844.0
485,강원,2016,5,6986.099999999999
486,충북,2016,5,6534.0
487,충남,2016,5,7147.799999999999
488,전북,2016,5,6418.5
489,전남,2016,5,6359.099999999999
490,경북,2016,5,7180.799999999999
491,경남,2016,5,7857.299999999999
492,제주,2016,5,8880.3
493,서울,2016,6,20486.399999999998
494,인천,2016,6,10573.199999999999
495,경기,2016,6,11688.599999999999
496,부산,2016,6,10395.0
497,대구,2016,6,10342.199999999999
498,광주,2016,6,9032.1
499,대전,2016,6,8454.6
500,울산,2016,6,10127.699999999999
501,세종,2016,6,8853.9
502,강원,2016,6,6943.2
503,충북,2016,6,6755.099999999999
504,충남,2016,6,7253.4
505,전북,2016,6,6372.299999999999
506,전남,2016,6,6494.4
507,경북,2016,6,7385.4
508,경남,2016,6,7883.7
509,제주,2016,6,9329.1
510,서울,2016,7,20638.199999999997
511,인천,2016,7,10632.599999999999
512,경기,2016,7,11652.3
513,부산,2016,7,10421.4
514,대구,2016,7,10329.0
515,광주,2016,7,9048.6
516,대전,2016,7,8454.6
517,울산,2016,7,10127.699999999999
518,세종,2016,7,8867.1
519,강원,2016,7,6933.299999999999
520,충북,2016,7,6847.5
521,충남,2016,7,7253.4
522,전북,2016,7,6365.7
523,전남,2016,7,6494.4
524,경북,2016,7,7418.4
525,경남,2016,7,7837.5
526,제주,2016,7,9329.1
527,서울,2016,8,20740.5
528,인천,2016,8,10675.5
529,경기,2016,8,11751.3
530,부산,2016,8,10510.5
531,대구,2016,8,10385.099999999999
532,광주,2016,8,8995.8
533,대전,2016,8,8454.6
534,울산,2016,8,9820.8
535,세종,2016,8,8890.199999999999
536,강원,2016,8,6923.4
537,충북,2016,8,7009.2
538,충남,2016,8,7375.5
539,전북,2016,8,6365.7
540,전남,2016,8,6487.799999999999
541,경북,2016,8,7385.4
542,경남,2016,8,7867.2
543,제주,2016,8,9497.4
544,서울,2016,9,20733.899999999998
545,인천,2016,9,10454.4
546,경기,2016,9,11088.0
547,부산,2016,9,10560.0
548,대구,2016,9,10385.099999999999
549,광주,2016,9,8979.3
550,대전,2016,9,8306.1
551,울산,2016,9,9820.8
552,세종,2016,9,8873.699999999999
553,강원,2016,9,6930.0
554,충북,2016,9,7012.5
555,충남,2016,9,7378.799999999999
556,전북,2016,9,6352.5
557,전남,2016,9,6507.599999999999
558,경북,2016,9,7428.299999999999
559,경남,2016,9,7890.299999999999
560,제주,2016,9,10173.9
561,서울,2016,10,21120.0
562,인천,2016,10,10553.4
563,경기,2016,10,11322.3
564,부산,2016,10,10220.099999999999
565,대구,2016,10,10385.099999999999
566,광주,2016,10,8992.5
567,대전,2016,10,10117.8
568,울산,2016,10,10576.5
569,세종,2016,10,8910.0
570,강원,2016,10,7052.099999999999
571,충북,2016,10,6923.4
572,충남,2016,10,7415.099999999999
573,전북,2016,10,6359.099999999999
574,전남,2016,10,6540.599999999999
575,경북,2016,10,7570.2
576,경남,2016,10,7959.599999999999
577,제주,2016,10,10173.9
578,서울,2016,11,21021.0
579,인천,2016,11,10398.3
580,경기,2016,11,11701.8
581,부산,2016,11,10173.9
582,대구,2016,11,10259.699999999999
583,광주,2016,11,9157.5
584,대전,2016,11,8860.5
585,울산,2016,11,10758.0
586,세종,2016,11,8916.6
587,강원,2016,11,6834.299999999999
588,충북,2016,11,7012.5
589,충남,2016,11,7514.099999999999
590,전북,2016,11,6362.4
591,전남,2016,11,6784.799999999999
592,경북,2016,11,7570.2
593,경남,2016,11,7784.7
594,제주,2016,11,10253.099999999999
595,서울,2016,12,21261.899999999998
596,인천,2016,12,10335.599999999999
597,경기,2016,12,11731.5
598,부산,2016,12,10734.9
599,대구,2016,12,10375.199999999999
600,광주,2016,12,9183.9
601,대전,2016,12,8860.5
602,울산,2016,12,10758.0
603,세종,2016,12,8926.5
604,강원,2016,12,6887.099999999999
605,충북,2016,12,6867.299999999999
606,충남,2016,12,7504.2
607,전북,2016,12,6613.2
608,전남,2016,12,6857.4
609,경북,2016,12,7626.299999999999
610,경남,2016,12,7880.4
611,제주,2016,12,10335.599999999999
612,서울,2017,1,21285.0
613,인천,2017,1,10335.599999999999
614,경기,2017,1,11728.199999999999
615,부산,2017,1,10705.199999999999
616,대구,2017,1,10299.3
617,광주,2017,1,9167.4
618,대전,2017,1,8860.5
619,울산,2017,1,10758.0
620,세종,2017,1,8926.5
621,강원,2017,1,6880.5
622,충북,2017,1,6946.5
623,충남,2017,1,7375.5
624,전북,2017,1,6619.799999999999
625,전남,2017,1,6857.4
626,경북,2017,1,7629.599999999999
627,경남,2017,1,7887.0
628,제주,2017,1,10309.199999999999
629,서울,2017,2,21331.199999999997
630,인천,2017,2,10451.099999999999
631,경기,2017,2,11903.099999999999
632,부산,2017,2,10701.9
633,대구,2017,2,10421.4
634,광주,2017,2,9167.4
635,대전,2017,2,8979.3
636,울산,2017,2,10767.9
637,세종,2017,2,8926.5
638,강원,2017,2,6897.0
639,충북,2017,2,6745.2
640,충남,2017,2,7378.799999999999
641,전북,2017,2,6629.7
642,전남,2017,2,6906.9
643,경북,2017,2,7613.099999999999
644,경남,2017,2,7867.2
645,제주,2017,2,10342.199999999999
646,서울,2017,3,21021.0
647,인천,2017,3,10490.699999999999
648,경기,2017,3,11985.599999999999
649,부산,2017,3,10857.0
650,대구,2017,3,10560.0
651,광주,2017,3,9183.9
652,대전,2017,3,8979.3
653,울산,2017,3,10767.9
654,세종,2017,3,8926.5
655,강원,2017,3,6824.4
656,충북,2017,3,6520.799999999999
657,충남,2017,3,7382.099999999999
658,전북,2017,3,6745.2
659,전남,2017,3,6897.0
660,경북,2017,3,7560.299999999999
661,경남,2017,3,7943.099999999999
662,제주,2017,3,10220.099999999999
663,서울,2017,4,21007.8
664,인천,2017,4,10490.699999999999
665,경기,2017,4,11893.199999999999
666,부산,2017,4,10853.699999999999
667,대구,2017,4,10490.699999999999
668,광주,2017,4,9418.199999999999
669,대전,2017,4,9038.699999999999
670,울산,2017,4,11807.4
671,세종,2017,4,9005.699999999999
672,강원,2017,4,6824.4
673,충북,2017,4,6732.0
674,충남,2017,4,7329.299999999999
675,전북,2017,4,6946.5
676,전남,2017,4,6949.799999999999
677,경북,2017,4,7649.4
678,경남,2017,4,7923.299999999999
679,제주,2017,4,10965.9
680,서울,2017,5,21120.0
681,인천,2017,5,10860.3
682,경기,2017,5,11464.199999999999
683,부산,2017,5,11711.699999999999
684,대구,2017,5,10490.699999999999
685,광주,2017,5,9537.0
686,대전,2017,5,9038.699999999999
687,울산,2017,5,11807.4
688,세종,2017,5,9005.699999999999
689,강원,2017,5,6877.2
690,충북,2017,5,6765.0
691,충남,2017,5,7332.599999999999
692,전북,2017,5,7029.0
693,전남,2017,5,7144.5
694,경북,2017,5,7797.9
695,경남,2017,5,7979.4
696,제주,2017,5,11414.699999999999
697,서울,2017,6,22001.1
698,인천,2017,6,10975.8
699,경기,2017,6,11513.699999999999
700,부산,2017,6,11932.8
701,대구,2017,6,10711.8
702,광주,2017,6,9609.6
703,대전,2017,6,9038.699999999999
704,울산,2017,6,11820.599999999999
705,세종,2017,6,9018.9
706,강원,2017,6,7032.299999999999
707,충북,2017,6,6741.9
708,충남,2017,6,7504.2
709,전북,2017,6,7263.299999999999
710,전남,2017,6,7085.099999999999
711,경북,2017,6,7863.9
712,경남,2017,6,8065.2
713,제주,2017,6,10804.199999999999
714,서울,2017,7,21690.899999999998
715,인천,2017,7,10962.599999999999
716,경기,2017,7,11975.699999999999
717,부산,2017,7,11926.199999999999
718,대구,2017,7,12771.0
719,광주,2017,7,9550.199999999999
720,대전,2017,7,9035.4
721,울산,2017,7,11820.599999999999
722,세종,2017,7,9018.9
723,강원,2017,7,7081.799999999999
724,충북,2017,7,6741.9
725,충남,2017,7,7507.5
726,전북,2017,7,7243.5
727,전남,2017,7,7085.099999999999
728,경북,2017,7,7860.599999999999
729,경남,2017,7,8134.5
730,제주,2017,7,11005.5
731,서울,2017,8,20367.6
732,인천,2017,8,10800.9
733,경기,2017,8,12015.3
734,부산,2017,8,11843.699999999999
735,대구,2017,8,13180.199999999999
736,광주,2017,8,9579.9
737,대전,2017,8,9035.4
738,울산,2017,8,11820.599999999999
739,세종,2017,8,9022.199999999999
740,강원,2017,8,7484.4
741,충북,2017,8,6765.0
742,충남,2017,8,7448.099999999999
743,전북,2017,8,7289.7
744,전남,2017,8,7306.2
745,경북,2017,8,8055.299999999999
746,경남,2017,8,8299.5
747,제주,2017,8,11005.5
748,서울,2017,9,21473.1
749,인천,2017,9,10896.599999999999
750,경기,2017,9,11972.4
751,부산,2017,9,11860.199999999999
752,대구,2017,9,12668.699999999999
753,광주,2017,9,9718.5
754,대전,2017,9,9550.199999999999
755,울산,2017,9,11820.599999999999
756,세종,2017,9,9101.4
757,강원,2017,9,7375.5
758,충북,2017,9,6778.2
759,충남,2017,9,7448.099999999999
760,전북,2017,9,7322.7
761,전남,2017,9,7306.2
762,경북,2017,9,8015.7
763,경남,2017,9,8283.0
764,제주,2017,9,10632.599999999999
765,서울,2017,10,21707.399999999998
766,인천,2017,10,10890.0
767,경기,2017,10,11962.5
768,부산,2017,10,12285.9
769,대구,2017,10,12668.699999999999
770,광주,2017,10,9609.6
771,대전,2017,10,9005.699999999999
772,울산,2017,10,11170.5
773,세종,2017,10,9104.699999999999
774,강원,2017,10,7520.7
775,충북,2017,10,6798.0
776,충남,2017,10,7533.9
777,전북,2017,10,7200.599999999999
778,전남,2017,10,7606.5
779,경북,2017,10,7811.099999999999
780,경남,2017,10,8038.799999999999
781,제주,2017,10,10632.599999999999
782,서울,2017,11,21968.1
783,인천,2017,11,10890.0
784,경기,2017,11,11738.099999999999
785,부산,2017,11,12606.0
786,대구,2017,11,12071.4
787,광주,2017,11,9553.5
788,대전,2017,11,9180.6
789,울산,2017,11,11134.199999999999
790,세종,2017,11,9108.0
791,강원,2017,11,7652.7
792,충북,2017,11,6854.099999999999
793,충남,2017,11,7451.4
794,전북,2017,11,7260.0
795,전남,2017,11,7883.7
796,경북,2017,11,7887.0
797,경남,2017,11,8649.3
798,제주,2017,11,11748.0
799,서울,2017,12,22129.8
800,인천,2017,12,10949.4
801,경기,2017,12,11936.099999999999
802,부산,2017,12,12678.599999999999
803,대구,2017,12,11751.3
804,광주,2017,12,9556.8
805,대전,2017,12,8929.8
806,울산,2017,12,10434.599999999999
807,세종,2017,12,10431.3
808,강원,2017,12,7596.599999999999
809,충북,2017,12,6854.099999999999
810,충남,2017,12,7778.099999999999
811,전북,2017,12,7345.799999999999
812,전남,2017,12,7920.0
813,경북,2017,12,7887.0
814,경남,2017,12,8896.8
815,제주,2017,12,11807.4
816,서울,2018,1,21855.899999999998
817,인천,2018,1,10998.9
818,경기,2018,1,12691.8
819,부산,2018,1,12678.599999999999
820,대구,2018,1,11830.5
821,광주,2018,1,9550.199999999999
822,대전,2018,1,9055.199999999999
823,울산,2018,1,10434.599999999999
824,세종,2018,1,10431.3
825,강원,2018,1,7669.2
826,충북,2018,1,6854.099999999999
827,충남,2018,1,7900.2
828,전북,2018,1,7345.799999999999
829,전남,2018,1,7920.0
830,경북,2018,1,8055.299999999999
831,경남,2018,1,8896.8
832,제주,2018,1,11998.8
833,서울,2018,2,21882.3
834,인천,2018,2,11028.599999999999
835,경기,2018,2,12790.8
836,부산,2018,2,12705.0
837,대구,2018,2,11101.199999999999
838,광주,2018,2,9550.199999999999
839,대전,2018,2,9527.1
840,울산,2018,2,10474.199999999999
841,세종,2018,2,10431.3
842,강원,2018,2,7665.9
843,충북,2018,2,7147.799999999999
844,충남,2018,2,7900.2
845,전북,2018,2,7500.9
846,전남,2018,2,7774.799999999999
847,경북,2018,2,8055.299999999999
848,경남,2018,2,8903.4
849,제주,2018,2,12635.699999999999
850,서울,2018,3,22558.8
851,인천,2018,3,11408.099999999999
852,경기,2018,3,12790.8
853,부산,2018,3,12596.099999999999
854,대구,2018,3,11193.599999999999
855,광주,2018,3,9669.0
856,대전,2018,3,9527.1
857,울산,2018,3,10474.199999999999
858,세종,2018,3,10431.3
859,강원,2018,3,7890.299999999999
860,충북,2018,3,8101.5
861,충남,2018,3,7900.2
862,전북,2018,3,7467.9
863,전남,2018,3,7748.4
864,경북,2018,3,8052.0
865,경남,2018,3,8900.1
866,제주,2018,3,12952.5
867,서울,2018,4,22575.3
868,인천,2018,4,11408.099999999999
869,경기,2018,4,12734.699999999999
870,부산,2018,4,12747.9
871,대구,2018,4,11629.199999999999
872,광주,2018,4,9520.5
873,대전,2018,4,9807.6
874,울산,2018,4,10474.199999999999
875,세종,2018,4,10332.3
876,강원,2018,4,7514.099999999999
877,충북,2018,4,8682.3
878,충남,2018,4,7900.2
879,전북,2018,4,7646.099999999999
880,전남,2018,4,7771.5
881,경북,2018,4,8052.0
882,경남,2018,4,8877.0
883,제주,2018,4,12952.5
884,서울,2018,5,22832.699999999997
885,인천,2018,5,11338.8
886,경기,2018,5,13157.099999999999
887,부산,2018,5,12714.9
888,대구,2018,5,12048.3
889,광주,2018,5,9589.8
890,대전,2018,5,9807.6
891,울산,2018,5,10474.199999999999
892,세종,2018,5,10332.3
893,강원,2018,5,7553.7
894,충북,2018,5,8698.8
895,충남,2018,5,8094.9
896,전북,2018,5,7675.799999999999
897,전남,2018,5,7774.799999999999
898,경북,2018,5,8672.4
899,경남,2018,5,8893.5
900,제주,2018,5,12952.5
901,서울,2018,6,22090.199999999997
902,인천,2018,6,11127.599999999999
903,경기,2018,6,12959.099999999999
904,부산,2018,6,12817.199999999999
905,대구,2018,6,12107.699999999999
906,광주,2018,6,9900.0
907,대전,2018,6,9807.6
908,울산,2018,6,10312.5
909,세종,2018,6,10332.3
910,강원,2018,6,7563.599999999999
911,충북,2018,6,7873.799999999999
912,충남,2018,6,8141.099999999999
913,전북,2018,6,7675.799999999999
914,전남,2018,6,7774.799999999999
915,경북,2018,6,8682.3
916,경남,2018,6,8893.5
917,제주,2018,6,12952.5
918,서울,2018,7,22506.0
919,인천,2018,7,11127.599999999999
920,경기,2018,7,13041.599999999999
921,부산,2018,7,13035.0
922,대구,2018,7,12249.599999999999
923,광주,2018,7,9685.5
924,대전,2018,7,9698.699999999999
925,울산,2018,7,10312.5
926,세종,2018,7,10332.3
927,강원,2018,7,7629.599999999999
928,충북,2018,7,7887.0
929,충남,2018,7,8141.099999999999
930,전북,2018,7,7698.9
931,전남,2018,7,7778.099999999999
932,경북,2018,7,8824.199999999999
933,경남,2018,7,8896.8
934,제주,2018,7,11002.199999999999
935,서울,2018,8,22212.3
936,인천,2018,8,11031.9
937,경기,2018,8,13431.0
938,부산,2018,8,13107.599999999999
939,대구,2018,8,12295.8
940,광주,2018,8,9685.5
941,대전,2018,8,9698.699999999999
942,울산,2018,8,10312.5
943,세종,2018,8,10388.4
944,강원,2018,8,7669.2
945,충북,2018,8,7887.0
946,충남,2018,8,8071.799999999999
947,전북,2018,8,7626.299999999999
948,전남,2018,8,7778.099999999999
949,경북,2018,8,8589.9
950,경남,2018,8,8781.3
951,제주,2018,8,11002.199999999999
952,서울,2018,9,23080.199999999997
953,인천,2018,9,11031.9
954,경기,2018,9,13510.199999999999
955,부산,2018,9,13497.0
956,대구,2018,9,12342.0
957,광주,2018,9,9672.3
958,대전,2018,9,11111.099999999999
959,울산,2018,9,10312.5
960,세종,2018,9,10388.4
961,강원,2018,9,7685.7
962,충북,2018,9,7867.2
963,충남,2018,9,8071.799999999999
964,전북,2018,9,7626.299999999999
965,전남,2018,9,7761.599999999999
966,경북,2018,9,8721.9
967,경남,2018,9,9061.8
968,제주,2018,9,11002.199999999999
969,서울,2018,10,24347.399999999998
970,인천,2018,10,11352.0
971,경기,2018,10,13648.8
972,부산,2018,10,13318.8
973,대구,2018,10,12536.699999999999
974,광주,2018,10,10045.199999999999
975,대전,2018,10,11055.0
976,울산,2018,10,9537.0
977,세종,2018,10,10388.4
978,강원,2018,10,7778.099999999999
979,충북,2018,10,7867.2
980,충남,2018,10,8071.799999999999
981,전북,2018,10,7659.299999999999
982,전남,2018,10,7788.0
983,경북,2018,10,8662.5
984,경남,2018,10,9223.5
985,제주,2018,10,11002.199999999999
986,서울,2018,11,24317.699999999997
987,인천,2018,11,11724.9
988,경기,2018,11,13698.3
989,부산,2018,11,13332.0
990,대구,2018,11,12622.5
991,광주,2018,11,10563.3
992,대전,2018,11,11055.0
993,울산,2018,11,9537.0
994,세종,2018,11,10388.4
995,강원,2018,11,7873.799999999999
996,충북,2018,11,7811.099999999999
997,충남,2018,11,7989.299999999999
998,전북,2018,11,7731.9
999,전남,2018,11,7715.4
1000,경북,2018,11,8847.3
1001,경남,2018,11,9230.1
1002,제주,2018,11,10936.199999999999
1003,서울,2018,12,24413.399999999998
1004,인천,2018,12,11708.4
1005,경기,2018,12,13777.5
1006,부산,2018,12,13424.4
1007,대구,2018,12,12952.5
1008,광주,2018,12,10837.199999999999
1009,대전,2018,12,12012.0
1010,울산,2018,12,
1011,세종,2018,12,10081.5
1012,강원,2018,12,7675.799999999999
1013,충북,2018,12,7811.099999999999
1014,충남,2018,12,7969.5
1015,전북,2018,12,7854.0
1016,전남,2018,12,7883.7
1017,경북,2018,12,8847.3
1018,경남,2018,12,9675.6
1019,제주,2018,12,11299.199999999999
1020,서울,2019,1,25080.0
1021,인천,2019,1,11823.9
1022,경기,2019,1,14051.4
1023,부산,2019,1,13424.4
1024,대구,2019,1,13143.9
1025,광주,2019,1,10926.3
1026,대전,2019,1,12173.699999999999
1027,울산,2019,1,
1028,세종,2019,1,10081.5
1029,강원,2019,1,7784.7
1030,충북,2019,1,7811.099999999999
1031,충남,2019,1,8127.9
1032,전북,2019,1,7854.0
1033,전남,2019,1,7966.2
1034,경북,2019,1,8705.4
1035,경남,2019,1,9675.6
1036,제주,2019,1,11299.199999999999
1037,서울,2019,2,25169.1
1038,인천,2019,2,11847.0
1039,경기,2019,2,14044.8
1040,부산,2019,2,13424.4
1041,대구,2019,2,13160.4
1042,광주,2019,2,10926.3
1043,대전,2019,2,12173.699999999999
1044,울산,2019,2,
1045,세종,2019,2,10081.5
1046,강원,2019,2,7784.7
1047,충북,2019,2,7550.4
1048,충남,2019,2,8484.3
1049,전북,2019,2,7873.799999999999
1050,전남,2019,2,7959.599999999999
1051,경북,2019,2,8751.6
1052,경남,2019,2,9675.6
1053,제주,2019,2,11299.199999999999
1054,서울,2019,3,25647.6
1055,인천,2019,3,12150.599999999999
1056,경기,2019,3,14417.699999999999
1057,부산,2019,3,13424.4
1058,대구,2019,3,13117.5
1059,광주,2019,3,10926.3
1060,대전,2019,3,11913.0
1061,울산,2019,3,
1062,세종,2019,3,10081.5
1063,강원,2019,3,7936.5
1064,충북,2019,3,7560.299999999999
1065,충남,2019,3,8570.1
1066,전북,2019,3,8091.599999999999
1067,전남,2019,3,7880.4
1068,경북,2019,3,8741.699999999999
1069,경남,2019,3,9494.1
1070,제주,2019,3,11299.199999999999
1071,서울,2019,4,25687.199999999997
1072,인천,2019,4,12150.599999999999
1073,경기,2019,4,14556.3
1074,부산,2019,4,12959.099999999999
1075,대구,2019,4,13249.5
1076,광주,2019,4,10932.9
1077,대전,2019,4,11820.599999999999
1078,울산,2019,4,
1079,세종,2019,4,11411.4
1080,강원,2019,4,8362.199999999999
1081,충북,2019,4,7596.599999999999
1082,충남,2019,4,8609.699999999999
1083,전북,2019,4,7953.0
1084,전남,2019,4,7623.0
1085,경북,2019,4,8642.699999999999
1086,경남,2019,4,9348.9
1087,제주,2019,4,11355.3
1088,서울,2019,5,25693.8
1089,인천,2019,5,12807.3
1090,경기,2019,5,14358.3
1091,부산,2019,5,12949.199999999999
1092,대구,2019,5,13579.5
1093,광주,2019,5,11602.8
1094,대전,2019,5,11820.599999999999
1095,울산,2019,5,
1096,세종,2019,5,11411.4
1097,강원,2019,5,8236.8
1098,충북,2019,5,7580.099999999999
1099,충남,2019,5,8916.6
1100,전북,2019,5,8147.7
1101,전남,2019,5,7484.4
1102,경북,2019,5,8378.699999999999
1103,경남,2019,5,9705.3
1104,제주,2019,5,11355.3
1105,서울,2019,6,26730.0
1106,인천,2019,6,12827.099999999999
1107,경기,2019,6,14952.3
1108,부산,2019,6,12889.8
1109,대구,2019,6,13747.8
1110,광주,2019,6,11863.5
1111,대전,2019,6,11470.8
1112,울산,2019,6,
1113,세종,2019,6,11411.4
1114,강원,2019,6,8276.4
1115,충북,2019,6,7679.099999999999
1116,충남,2019,6,8639.4
1117,전북,2019,6,8147.7
1118,전남,2019,6,7656.0
1119,경북,2019,6,8378.699999999999
1120,경남,2019,6,9791.1
1121,제주,2019,6,12355.199999999999
1122,서울,2019,7,26621.1
1123,인천,2019,7,12827.099999999999
1124,경기,2019,7,14147.099999999999
1125,부산,2019,7,12777.599999999999
1126,대구,2019,7,14180.099999999999
1127,광주,2019,7,12381.599999999999
1128,대전,2019,7,11474.099999999999
1129,울산,2019,7,
1130,세종,2019,7,11411.4
1131,강원,2019,7,8220.3
1132,충북,2019,7,7557.0
1133,충남,2019,7,8811.0
1134,전북,2019,7,8210.4
1135,전남,2019,7,7722.0
1136,경북,2019,7,8378.699999999999
1137,경남,2019,7,9791.1
1138,제주,2019,7,12767.699999999999
1139,서울,2019,8,26706.899999999998
1140,인천,2019,8,13005.3
1141,경기,2019,8,14331.9
1142,부산,2019,8,12972.3
1143,대구,2019,8,14239.5
1144,광주,2019,8,12279.3
1145,대전,2019,8,11170.5
1146,울산,2019,8,
1147,세종,2019,8,11411.4
1148,강원,2019,8,8223.6
1149,충북,2019,8,7388.7
1150,충남,2019,8,8715.3
1151,전북,2019,8,8679.0
1152,전남,2019,8,7735.2
1153,경북,2019,8,8682.3
1154,경남,2019,8,9824.1
1155,제주,2019,8,12767.699999999999
1156,서울,2019,9,26680.5
1157,인천,2019,9,13005.3
1158,경기,2019,9,14655.3
1159,부산,2019,9,13275.9
1160,대구,2019,9,14381.4
1161,광주,2019,9,12279.3
1162,대전,2019,9,11358.599999999999
1163,울산,2019,9,8992.5
1164,세종,2019,9,11411.4
1165,강원,2019,9,8190.599999999999
1166,충북,2019,9,7467.9
1167,충남,2019,9,8523.9
1168,전북,2019,9,8679.0
1169,전남,2019,9,8187.299999999999
1170,경북,2019,9,8771.4
1171,경남,2019,9,9883.5
1172,제주,2019,9,12767.699999999999
1173,서울,2019,10,26700.3
1174,인천,2019,10,13025.099999999999
1175,경기,2019,10,14589.3
1176,부산,2019,10,13332.0
1177,대구,2019,10,14536.5
1178,광주,2019,10,12444.3
1179,대전,2019,10,11985.599999999999
1180,울산,2019,10,10362.0
1181,세종,2019,10,11411.4
1182,강원,2019,10,8118.0
1183,충북,2019,10,7497.599999999999
1184,충남,2019,10,8586.6
1185,전북,2019,10,8434.8
1186,전남,2019,10,8230.199999999999
1187,경북,2019,10,9616.199999999999
1188,경남,2019,10,10589.699999999999
1189,제주,2019,10,12767.699999999999
1190,서울,2019,11,26604.6
1191,인천,2019,11,12942.599999999999
1192,경기,2019,11,14694.9
1193,부산,2019,11,13150.5
1194,대구,2019,11,14460.599999999999
1195,광주,2019,11,12658.8
1196,대전,2019,11,11985.599999999999
1197,울산,2019,11,10362.0
1198,세종,2019,11,11411.4
1199,강원,2019,11,8283.0
1200,충북,2019,11,7599.9
1201,충남,2019,11,8586.6
1202,전북,2019,11,8144.4
1203,전남,2019,11,8292.9
1204,경북,2019,11,9616.199999999999
1205,경남,2019,11,10563.3
1206,제주,2019,11,12810.599999999999
1207,서울,2019,12,26251.5
1208,인천,2019,12,13206.599999999999
1209,경기,2019,12,14826.9
1210,부산,2019,12,12817.199999999999
1211,대구,2019,12,14427.599999999999
1212,광주,2019,12,12652.199999999999
1213,대전,2019,12,11985.599999999999
1214,울산,2019,12,10371.9
1215,세종,2019,12,11411.4
1216,강원,2019,12,8283.0
1217,충북,2019,12,7606.5
1218,충남,2019,12,8712.0
1219,전북,2019,12,8144.4
1220,전남,2019,12,8091.599999999999
1221,경북,2019,12,9616.199999999999
1222,경남,2019,12,10107.9
1223,제주,2019,12,12810.599999999999
1224,서울,2020,1,26799.3
1225,인천,2020,1,13216.5
1226,경기,2020,1,14859.9
1227,부산,2020,1,12817.199999999999
1228,대구,2020,1,14586.0
1229,광주,2020,1,12681.9
1230,대전,2020,1,11985.599999999999
1231,울산,2020,1,10371.9
1232,세종,2020,1,11411.4
1233,강원,2020,1,8207.1
1234,충북,2020,1,7606.5
1235,충남,2020,1,8712.0
1236,전북,2020,1,8144.4
1237,전남,2020,1,8200.5
1238,경북,2020,1,10144.199999999999
1239,경남,2020,1,10107.9
1240,제주,2020,1,13051.5
1241,서울,2020,2,26307.6
1242,인천,2020,2,13477.199999999999
1243,경기,2020,2,14856.599999999999
1244,부산,2020,2,12949.199999999999
1245,대구,2020,2,14586.0
1246,광주,2020,2,12681.9
1247,대전,2020,2,11985.599999999999
1248,울산,2020,2,10371.9
1249,세종,2020,2,11411.4
1250,강원,2020,2,8325.9
1251,충북,2020,2,7903.5
1252,충남,2020,2,8593.199999999999
1253,전북,2020,2,8144.4
1254,전남,2020,2,8269.8
1255,경북,2020,2,8431.5
1256,경남,2020,2,10107.9
1257,제주,2020,2,13051.5
1258,서울,2020,3,26495.699999999997
1259,인천,2020,3,14058.0
1260,경기,2020,3,14770.8
1261,부산,2020,3,13035.0
1262,대구,2020,3,14843.4
1263,광주,2020,3,12681.9
1264,대전,2020,3,11226.599999999999
1265,울산,2020,3,10371.9
1266,세종,2020,3,11411.4
1267,강원,2020,3,8144.4
1268,충북,2020,3,7920.0
1269,충남,2020,3,8606.4
1270,전북,2020,3,8144.4
1271,전남,2020,3,8500.8
1272,경북,2020,3,8431.5
1273,경남,2020,3,9794.4
1274,제주,2020,3,13051.5
1275,서울,2020,4,26367.0
1276,인천,2020,4,14067.9
1277,경기,2020,4,15057.9
1278,부산,2020,4,12896.4
1279,대구,2020,4,15100.8
1280,광주,2020,4,12685.199999999999
1281,대전,2020,4,11074.8
1282,울산,2020,4,10371.9
1283,세종,2020,4,
1284,강원,2020,4,8708.699999999999
1285,충북,2020,4,7920.0
1286,충남,2020,4,8708.699999999999
1287,전북,2020,4,8259.9
1288,전남,2020,4,8550.3
1289,경북,2020,4,8807.699999999999
1290,경남,2020,4,10404.9
1291,제주,2020,4,13480.5
1292,서울,2020,5,27030.3
1293,인천,2020,5,14338.5
1294,경기,2020,5,13942.5
1295,부산,2020,5,13272.599999999999
1296,대구,2020,5,15335.099999999999
1297,광주,2020,5,12648.9
1298,대전,2020,5,11008.8
1299,울산,2020,5,10969.199999999999
1300,세종,2020,5,
1301,강원,2020,5,8784.6
1302,충북,2020,5,7936.5
1303,충남,2020,5,8735.1
1304,전북,2020,5,8184.0
1305,전남,2020,5,8576.699999999999
1306,경북,2020,5,8807.699999999999
1307,경남,2020,5,9969.3
1308,제주,2020,5,14902.8
1309,서울,2020,6,27558.3
1310,인천,2020,6,14661.9
1311,경기,2020,6,13586.099999999999
1312,부산,2020,6,13272.599999999999
1313,대구,2020,6,15173.4
1314,광주,2020,6,12599.4
1315,대전,2020,6,11246.4
1316,울산,2020,6,12371.699999999999
1317,세종,2020,6,
1318,강원,2020,6,9084.9
1319,충북,2020,6,7949.7
1320,충남,2020,6,8847.3
1321,전북,2020,6,8259.9
1322,전남,2020,6,8566.8
1323,경북,2020,6,8807.699999999999
1324,경남,2020,6,10329.0
1325,제주,2020,6,14922.599999999999
1326,서울,2020,7,26763.0
1327,인천,2020,7,14635.5
1328,경기,2020,7,14322.0
1329,부산,2020,7,13467.3
1330,대구,2020,7,15312.0
1331,광주,2020,7,12688.5
1332,대전,2020,7,11051.699999999999
1333,울산,2020,7,12790.8
1334,세종,2020,7,
1335,강원,2020,7,9457.8
1336,충북,2020,7,7949.7
1337,충남,2020,7,8936.4
1338,전북,2020,7,8190.599999999999
1339,전남,2020,7,8553.6
1340,경북,2020,7,9744.9
1341,경남,2020,7,10276.199999999999
1342,제주,2020,7,15338.4
1343,서울,2020,8,26723.399999999998
1344,인천,2020,8,15318.599999999999
1345,경기,2020,8,13972.199999999999
1346,부산,2020,8,13266.0
1347,대구,2020,8,15292.199999999999
1348,광주,2020,8,12190.199999999999
1349,대전,2020,8,10982.4
1350,울산,2020,8,13645.5
1351,세종,2020,8,
1352,강원,2020,8,9867.0
1353,충북,2020,8,7929.9
1354,충남,2020,8,8946.3
1355,전북,2020,8,8190.599999999999
1356,전남,2020,8,8873.699999999999
1357,경북,2020,8,10216.8
1358,경남,2020,8,10276.199999999999
1359,제주,2020,8,15338.4
1360,서울,2020,9,26776.199999999997
1361,인천,2020,9,15318.599999999999
1362,경기,2020,9,14097.599999999999
1363,부산,2020,9,13266.0
1364,대구,2020,9,15325.199999999999
1365,광주,2020,9,12282.599999999999
1366,대전,2020,9,10827.3
1367,울산,2020,9,13734.599999999999
1368,세종,2020,9,
1369,강원,2020,9,10322.4
1370,충북,2020,9,7900.2
1371,충남,2020,9,9015.6
1372,전북,2020,9,8309.4
1373,전남,2020,9,8853.9
1374,경북,2020,9,10216.8
1375,경남,2020,9,10276.199999999999
1376,제주,2020,9,15338.4
1377,서울,2020,10,26660.699999999997
1378,인천,2020,10,15576.0
1379,경기,2020,10,14341.8
1380,부산,2020,10,13114.199999999999
1381,대구,2020,10,15404.4
1382,광주,2020,10,12282.599999999999
1383,대전,2020,10,10579.8
1384,울산,2020,10,13803.9
1385,세종,2020,10,11299.199999999999
1386,강원,2020,10,10322.4
1387,충북,2020,10,7893.599999999999
1388,충남,2020,10,8880.3
1389,전북,2020,10,8487.6
1390,전남,2020,10,8969.4
1391,경북,2020,10,10114.5
1392,경남,2020,10,10253.099999999999
1393,제주,2020,10,15338.4
1394,서울,2020,11,27172.199999999997
1395,인천,2020,11,15737.699999999999
1396,경기,2020,11,14318.699999999999
1397,부산,2020,11,13569.599999999999
1398,대구,2020,11,15457.199999999999
1399,광주,2020,11,12358.5
1400,대전,2020,11,10579.8
1401,울산,2020,11,13803.9
1402,세종,2020,11,11299.199999999999
1403,강원,2020,11,10395.0
1404,충북,2020,11,8078.4
1405,충남,2020,11,9180.6
1406,전북,2020,11,8679.0
1407,전남,2020,11,9104.699999999999
1408,경북,2020,11,10470.9
1409,경남,2020,11,10272.9
1410,제주,2020,11,15338.4
1411,서울,2020,12,28267.8
1412,인천,2020,12,15681.599999999999
1413,경기,2020,12,14473.8
1414,부산,2020,12,14044.8
1415,대구,2020,12,15325.199999999999
1416,광주,2020,12,12219.9
1417,대전,2020,12,10579.8
1418,울산,2020,12,13827.0
1419,세종,2020,12,11299.199999999999
1420,강원,2020,12,10355.4
1421,충북,2020,12,8527.199999999999
1422,충남,2020,12,9111.3
1423,전북,2020,12,8811.0
1424,전남,2020,12,9342.3
1425,경북,2020,12,10345.5
1426,경남,2020,12,9860.4
1427,제주,2020,12,15338.4
1428,서울,2021,1,28267.8
1429,인천,2021,1,15602.4
1430,경기,2021,1,14414.4
1431,부산,2021,1,14038.199999999999
1432,대구,2021,1,15354.9
1433,광주,2021,1,12906.3
1434,대전,2021,1,10579.8
1435,울산,2021,1,13787.4
1436,세종,2021,1,12533.4
1437,강원,2021,1,10355.4
1438,충북,2021,1,8527.199999999999
1439,충남,2021,1,9111.3
1440,전북,2021,1,8708.699999999999
1441,전남,2021,1,9329.1
1442,경북,2021,1,10345.5
1443,경남,2021,1,9860.4
1444,제주,2021,1,17156.7
1445,서울,2021,2,28182.0
1446,인천,2021,2,15651.9
1447,경기,2021,2,14460.599999999999
1448,부산,2021,2,14163.599999999999
1449,대구,2021,2,15328.5
1450,광주,2021,2,13902.9
1451,대전,2021,2,11358.599999999999
1452,울산,2021,2,13787.4
1453,세종,2021,2,12533.4
1454,강원,2021,2,10401.599999999999
1455,충북,2021,2,8606.4
1456,충남,2021,2,9141.0
1457,전북,2021,2,8718.6
1458,전남,2021,2,9827.4
1459,경북,2021,2,10107.9
1460,경남,2021,2,10309.199999999999
1461,제주,2021,2,17156.7
1462,서울,2021,3,28290.899999999998
1463,인천,2021,3,15717.9
1464,경기,2021,3,14440.8
1465,부산,2021,3,14163.599999999999
1466,대구,2021,3,15470.4
1467,광주,2021,3,13919.4
1468,대전,2021,3,11358.599999999999
1469,울산,2021,3,13965.599999999999
1470,세종,2021,3,12533.4
1471,강원,2021,3,9576.6
1472,충북,2021,3,8619.6
1473,충남,2021,3,9124.5
1474,전북,2021,3,8718.6
1475,전남,2021,3,9909.9
1476,경북,2021,3,10107.9
1477,경남,2021,3,10404.9
1478,제주,2021,3,23756.699999999997
1479,서울,2021,4,28135.8
1480,인천,2021,4,15549.599999999999
1481,경기,2021,4,14364.9
1482,부산,2021,4,14427.599999999999
1483,대구,2021,4,15536.4
1484,광주,2021,4,13919.4
1485,대전,2021,4,11484.0
1486,울산,2021,4,14312.099999999999
1487,세종,2021,4,12533.4
1488,강원,2021,4,9504.0
1489,충북,2021,4,8586.6
1490,충남,2021,4,9170.699999999999
1491,전북,2021,4,8761.5
1492,전남,2021,4,9669.0
1493,경북,2021,4,10190.4
1494,경남,2021,4,10296.0
1495,제주,2021,4,23756.699999999997
1496,서울,2021,5,28597.8
1497,인천,2021,5,15189.9
1498,경기,2021,5,13982.099999999999
1499,부산,2021,5,14579.4
1500,대구,2021,5,15519.9
1501,광주,2021,5,13978.8
1502,대전,2021,5,12213.3
1503,울산,2021,5,14586.0
1504,세종,2021,5,12533.4
1505,강원,2021,5,9454.5
1506,충북,2021,5,8586.6
1507,충남,2021,5,9177.3
1508,전북,2021,5,8853.9
1509,전남,2021,5,9659.1
1510,경북,2021,5,9989.1
1511,경남,2021,5,10197.0
1512,제주,2021,5,24783.0
1513,서울,2021,6,29142.3
1514,인천,2021,6,14883.0
1515,경기,2021,6,13797.3
1516,부산,2021,6,14539.8
1517,대구,2021,6,15496.8
1518,광주,2021,6,14173.5
1519,대전,2021,6,12196.8
1520,울산,2021,6,14701.5
1521,세종,2021,6,12533.4
1522,강원,2021,6,9639.3
1523,충북,2021,6,8669.1
1524,충남,2021,6,9266.4
1525,전북,2021,6,8814.3
1526,전남,2021,6,10074.9
1527,경북,2021,6,10061.699999999999
1528,경남,2021,6,10230.0
1529,제주,2021,6,24783.0
1530,서울,2021,7,30396.3
1531,인천,2021,7,14859.9
1532,경기,2021,7,13688.4
1533,부산,2021,7,14493.599999999999
1534,대구,2021,7,15467.099999999999
1535,광주,2021,7,14163.599999999999
1536,대전,2021,7,12196.8
1537,울산,2021,7,14747.699999999999
1538,세종,2021,7,12553.199999999999
1539,강원,2021,7,9253.199999999999
1540,충북,2021,7,8685.6
1541,충남,2021,7,9345.6
1542,전북,2021,7,8893.5
1543,전남,2021,7,10249.8
1544,경북,2021,7,10602.9
1545,경남,2021,7,10665.599999999999
1546,제주,2021,7,27574.8
1547,서울,2021,8,31346.699999999997
1548,인천,2021,8,14239.5
1549,경기,2021,8,13747.8
1550,부산,2021,8,14381.4
1551,대구,2021,8,15536.4
1552,광주,2021,8,14160.3
1553,대전,2021,8,12196.8
1554,울산,2021,8,14364.9
1555,세종,2021,8,12553.199999999999
1556,강원,2021,8,9253.199999999999
1557,충북,2021,8,8698.8
1558,충남,2021,8,9500.699999999999
1559,전북,2021,8,8877.0
1560,전남,2021,8,10490.699999999999
1561,경북,2021,8,10602.9
1562,경남,2021,8,10642.5
1563,제주,2021,8,27574.8
1564,서울,2021,9,31353.3
1565,인천,2021,9,14239.5
1566,경기,2021,9,13949.099999999999
1567,부산,2021,9,14381.4
1568,대구,2021,9,15675.0
1569,광주,2021,9,14315.4
1570,대전,2021,9,12266.099999999999
1571,울산,2021,9,14199.9
1572,세종,2021,9,12553.199999999999
1573,강원,2021,9,9428.1
1574,충북,2021,9,8731.8
1575,충남,2021,9,9543.6
1576,전북,2021,9,8715.3
1577,전남,2021,9,10487.4
1578,경북,2021,9,10345.5
1579,경남,2021,9,10873.5
1580,제주,2021,9,27574.8
1581,서울,2021,10,31884.6
1582,인천,2021,10,14242.8
1583,경기,2021,10,13866.599999999999
1584,부산,2021,10,14586.0
1585,대구,2021,10,15582.599999999999
1586,광주,2021,10,14094.3
1587,대전,2021,10,12351.9
1588,울산,2021,10,14199.9
1589,세종,2021,10,12767.699999999999
1590,강원,2021,10,9804.3
1591,충북,2021,10,8731.8
1592,충남,2021,10,9629.4
1593,전북,2021,10,8860.5
1594,전남,2021,10,9886.8
1595,경북,2021,10,10332.3
1596,경남,2021,10,10969.199999999999
1597,제주,2021,10,22638.0
1598,서울,2021,11,32841.6
1599,인천,2021,11,14704.8
1600,경기,2021,11,14774.099999999999
1601,부산,2021,11,15226.199999999999
1602,대구,2021,11,15721.199999999999
1603,광주,2021,11,14180.099999999999
1604,대전,2021,11,12351.9
1605,울산,2021,11,14199.9
1606,세종,2021,11,12767.699999999999
1607,강원,2021,11,9929.699999999999
1608,충북,2021,11,8725.199999999999
1609,충남,2021,11,9471.0
1610,전북,2021,11,8976.0
1611,전남,2021,11,9764.699999999999
1612,경북,2021,11,10434.599999999999
1613,경남,2021,11,10692.0
1614,제주,2021,11,22638.0
