,행정구역,연도,월,평당분양가격,인구수,경제활동인구,소득
0,서울특별시,2013,12,18189.0,9990010,5355000,316
1,부산광역시,2013,12,8111.0,3455734,1737000,252
2,대구광역시,2013,12,8080.0,2475657,1246000,231
3,인천광역시,2013,12,10204.0,2829608,1511000,260
4,광주광역시,2013,12,6098.0,1503835,727000,241
5,대전광역시,2013,12,8321.0,1545232,757000,272
6,울산광역시,2013,12,8090.0,1137472,566000,283
7,경기도,2013,12,10855.0,12126274,6200000,273
8,세종특별자치시,2013,12,7601.0,118463,0,0
9,강원도,2013,12,6230.0,1505686,723000,243
10,충청북도,2013,12,6589.0,1564816,800000,251
11,충청남도,2013,12,6365.0,2062301,1173000,273
12,전라북도,2013,12,6282.0,1820969,913000,240
13,전라남도,2013,12,5678.0,1783896,963000,272
14,경상북도,2013,12,6168.0,2660941,1448000,261
15,경상남도,2013,12,6473.0,3277965,1676000,261
16,제주특별자치도,2013,12,7674.0,570034,315000,221
17,서울특별시,2014,1,17925.0,9975163,5449000,319
18,부산광역시,2014,1,8111.0,3452309,1760000,255
19,대구광역시,2014,1,8080.0,2474900,1275000,235
20,인천광역시,2014,1,10204.0,2862241,1544000,263
21,광주광역시,2014,1,7326.0,1504582,753000,249
22,대전광역시,2014,1,8321.0,1552692,788000,280
23,울산광역시,2014,1,8090.0,1151171,572000,295
24,경기도,2014,1,10855.0,12282013,6488000,278
25,세종특별자치시,2014,1,7600.0,132437,0,0
26,강원도,2014,1,6230.0,1510198,743000,248
27,충청북도,2014,1,6589.0,1578403,848000,253
28,충청남도,2014,1,6365.0,2087600,1203000,284
29,전라북도,2014,1,6281.0,1829437,923000,246
30,전라남도,2014,1,5678.0,1791887,973000,278
31,경상북도,2014,1,6168.0,2670922,1485000,270
32,경상남도,2014,1,6485.0,3307369,1702000,267
33,제주특별자치도,2014,1,7900.0,583335,329000,224
34,서울특별시,2014,2,17925.0,9975163,5449000,319
35,부산광역시,2014,2,9078.0,3452309,1760000,255
36,대구광역시,2014,2,8077.0,2474900,1275000,235
37,인천광역시,2014,2,10408.0,2862241,1544000,263
38,광주광역시,2014,2,7611.0,1504582,753000,249
39,대전광역시,2014,2,8321.0,1552692,788000,280
40,울산광역시,2014,2,8090.0,1151171,572000,295
41,경기도,2014,2,10791.0,12282013,6488000,278
42,세종특별자치시,2014,2,7532.0,132437,0,0
43,강원도,2014,2,6230.0,1510198,743000,248
44,충청북도,2014,2,6611.0,1578403,848000,253
45,충청남도,2014,2,6379.0,2087600,1203000,284
46,전라북도,2014,2,5946.0,1829437,923000,246
47,전라남도,2014,2,5678.0,1791887,973000,278
48,경상북도,2014,2,6234.0,2670922,1485000,270
49,경상남도,2014,2,6502.0,3307369,1702000,267
50,제주특별자치도,2014,2,7900.0,583335,329000,224
51,서울특별시,2014,3,18016.0,9975163,5449000,319
52,부산광역시,2014,3,8965.0,3452309,1760000,255
53,대구광역시,2014,3,8101.0,2474900,1275000,235
54,인천광역시,2014,3,10408.0,2862241,1544000,263
55,광주광역시,2014,3,7346.0,1504582,753000,249
56,대전광역시,2014,3,8341.0,1552692,788000,280
57,울산광역시,2014,3,8153.0,1151171,572000,295
58,경기도,2014,3,10784.0,12282013,6488000,278
59,세종특별자치시,2014,3,7814.0,132437,0,0
60,강원도,2014,3,6141.0,1510198,743000,248
61,충청북도,2014,3,6625.0,1578403,848000,253
62,충청남도,2014,3,6287.0,2087600,1203000,284
63,전라북도,2014,3,5966.0,1829437,923000,246
64,전라남도,2014,3,5696.0,1791887,973000,278
65,경상북도,2014,3,6317.0,2670922,1485000,270
66,경상남도,2014,3,6610.0,3307369,1702000,267
67,제주특별자치도,2014,3,7900.0,583335,329000,224
68,서울특별시,2014,4,18098.0,9975163,5449000,319
69,부산광역시,2014,4,9402.0,3452309,1760000,255
70,대구광역시,2014,4,8267.0,2474900,1275000,235
71,인천광역시,2014,4,10000.0,2862241,1544000,263
72,광주광역시,2014,4,7346.0,1504582,753000,249
73,대전광역시,2014,4,8341.0,1552692,788000,280
74,울산광역시,2014,4,8153.0,1151171,572000,295
75,경기도,2014,4,10876.0,12282013,6488000,278
76,세종특별자치시,2014,4,7908.0,132437,0,0
77,강원도,2014,4,6373.0,1510198,743000,248
78,충청북도,2014,4,6678.0,1578403,848000,253
79,충청남도,2014,4,6552.0,2087600,1203000,284
80,전라북도,2014,4,6277.0,1829437,923000,246
81,전라남도,2014,4,5736.0,1791887,973000,278
82,경상북도,2014,4,6412.0,2670922,1485000,270
83,경상남도,2014,4,6599.0,3307369,1702000,267
84,제주특별자치도,2014,4,7900.0,583335,329000,224
85,서울특별시,2014,5,19446.0,9975163,5449000,319
86,부산광역시,2014,5,9501.0,3452309,1760000,255
87,대구광역시,2014,5,8274.0,2474900,1275000,235
88,인천광역시,2014,5,9844.0,2862241,1544000,263
89,광주광역시,2014,5,7523.0,1504582,753000,249
90,대전광역시,2014,5,8341.0,1552692,788000,280
91,울산광역시,2014,5,8153.0,1151171,572000,295
92,경기도,2014,5,10646.0,12282013,6488000,278
93,세종특별자치시,2014,5,7934.0,132437,0,0
94,강원도,2014,5,6350.0,1510198,743000,248
95,충청북도,2014,5,6598.0,1578403,848000,253
96,충청남도,2014,5,6591.0,2087600,1203000,284
97,전라북도,2014,5,6306.0,1829437,923000,246
98,전라남도,2014,5,5656.0,1791887,973000,278
99,경상북도,2014,5,6409.0,2670922,1485000,270
100,경상남도,2014,5,6610.0,3307369,1702000,267
101,제주특별자치도,2014,5,7900.0,583335,329000,224
102,서울특별시,2014,6,18867.0,9975163,5449000,319
103,부산광역시,2014,6,9453.0,3452309,1760000,255
104,대구광역시,2014,6,8360.0,2474900,1275000,235
105,인천광역시,2014,6,10058.0,2862241,1544000,263
106,광주광역시,2014,6,7659.0,1504582,753000,249
107,대전광역시,2014,6,8333.0,1552692,788000,280
108,울산광역시,2014,6,8153.0,1151171,572000,295
109,경기도,2014,6,10266.0,12282013,6488000,278
110,세종특별자치시,2014,6,8067.0,132437,0,0
111,강원도,2014,6,6350.0,1510198,743000,248
112,충청북도,2014,6,6587.0,1578403,848000,253
113,충청남도,2014,6,6644.0,2087600,1203000,284
114,전라북도,2014,6,6351.0,1829437,923000,246
115,전라남도,2014,6,5609.0,1791887,973000,278
116,경상북도,2014,6,6554.0,2670922,1485000,270
117,경상남도,2014,6,6615.0,3307369,1702000,267
118,제주특별자치도,2014,6,7914.0,583335,329000,224
119,서울특별시,2014,7,18742.0,9975163,5449000,319
120,부산광역시,2014,7,9457.0,3452309,1760000,255
121,대구광역시,2014,7,8360.0,2474900,1275000,235
122,인천광역시,2014,7,9974.0,2862241,1544000,263
123,광주광역시,2014,7,7612.0,1504582,753000,249
124,대전광역시,2014,7,8333.0,1552692,788000,280
125,울산광역시,2014,7,8153.0,1151171,572000,295
126,경기도,2014,7,10124.0,12282013,6488000,278
127,세종특별자치시,2014,7,8067.0,132437,0,0
128,강원도,2014,7,6268.0,1510198,743000,248
129,충청북도,2014,7,6586.0,1578403,848000,253
130,충청남도,2014,7,6805.0,2087600,1203000,284
131,전라북도,2014,7,6319.0,1829437,923000,246
132,전라남도,2014,7,5780.0,1791887,973000,278
133,경상북도,2014,7,6556.0,2670922,1485000,270
134,경상남도,2014,7,6613.0,3307369,1702000,267
135,제주특별자치도,2014,7,7914.0,583335,329000,224
136,서울특별시,2014,8,19274.0,9975163,5449000,319
137,부산광역시,2014,8,9411.0,3452309,1760000,255
138,대구광역시,2014,8,8370.0,2474900,1275000,235
139,인천광역시,2014,8,9973.0,2862241,1544000,263
140,광주광역시,2014,8,7622.0,1504582,753000,249
141,대전광역시,2014,8,8333.0,1552692,788000,280
142,울산광역시,2014,8,8493.0,1151171,572000,295
143,경기도,2014,8,10134.0,12282013,6488000,278
144,세종특별자치시,2014,8,8141.0,132437,0,0
145,강원도,2014,8,6268.0,1510198,743000,248
146,충청북도,2014,8,6586.0,1578403,848000,253
147,충청남도,2014,8,6914.0,2087600,1203000,284
148,전라북도,2014,8,6436.0,1829437,923000,246
149,전라남도,2014,8,5685.0,1791887,973000,278
150,경상북도,2014,8,6563.0,2670922,1485000,270
151,경상남도,2014,8,6606.0,3307369,1702000,267
152,제주특별자치도,2014,8,7914.0,583335,329000,224
153,서울특별시,2014,9,19404.0,9975163,5449000,319
154,부산광역시,2014,9,9258.0,3452309,1760000,255
155,대구광역시,2014,9,8449.0,2474900,1275000,235
156,인천광역시,2014,9,9973.0,2862241,1544000,263
157,광주광역시,2014,9,7802.0,1504582,753000,249
158,대전광역시,2014,9,8048.0,1552692,788000,280
159,울산광역시,2014,9,8493.0,1151171,572000,295
160,경기도,2014,9,10501.0,12282013,6488000,278
161,세종특별자치시,2014,9,8282.0,132437,0,0
162,강원도,2014,9,6419.0,1510198,743000,248
163,충청북도,2014,9,6584.0,1578403,848000,253
164,충청남도,2014,9,6882.0,2087600,1203000,284
165,전라북도,2014,9,6719.0,1829437,923000,246
166,전라남도,2014,9,5804.0,1791887,973000,278
167,경상북도,2014,9,6577.0,2670922,1485000,270
168,경상남도,2014,9,6767.0,3307369,1702000,267
169,제주특별자치도,2014,9,7833.0,583335,329000,224
170,서울특별시,2014,10,19759.0,9975163,5449000,319
171,부산광역시,2014,10,9110.0,3452309,1760000,255
172,대구광역시,2014,10,8403.0,2474900,1275000,235
173,인천광역시,2014,10,10016.0,2862241,1544000,263
174,광주광역시,2014,10,7707.0,1504582,753000,249
175,대전광역시,2014,10,8038.0,1552692,788000,280
176,울산광역시,2014,10,8627.0,1151171,572000,295
177,경기도,2014,10,10397.0,12282013,6488000,278
178,세종특별자치시,2014,10,8527.0,132437,0,0
179,강원도,2014,10,6631.0,1510198,743000,248
180,충청북도,2014,10,6529.0,1578403,848000,253
181,충청남도,2014,10,6831.0,2087600,1203000,284
182,전라북도,2014,10,6581.0,1829437,923000,246
183,전라남도,2014,10,5753.0,1791887,973000,278
184,경상북도,2014,10,6778.0,2670922,1485000,270
185,경상남도,2014,10,6881.0,3307369,1702000,267
186,제주특별자치도,2014,10,7724.0,583335,329000,224
187,서울특별시,2014,11,20242.0,9975163,5449000,319
188,부산광역시,2014,11,9208.0,3452309,1760000,255
189,대구광역시,2014,11,8439.0,2474900,1275000,235
190,인천광역시,2014,11,10020.0,2862241,1544000,263
191,광주광역시,2014,11,7752.0,1504582,753000,249
192,대전광역시,2014,11,8067.0,1552692,788000,280
193,울산광역시,2014,11,8891.0,1151171,572000,295
194,경기도,2014,11,10356.0,12282013,6488000,278
195,세종특별자치시,2014,11,8592.0,132437,0,0
196,강원도,2014,11,6365.0,1510198,743000,248
197,충청북도,2014,11,6724.0,1578403,848000,253
198,충청남도,2014,11,6940.0,2087600,1203000,284
199,전라북도,2014,11,6583.0,1829437,923000,246
200,전라남도,2014,11,5768.0,1791887,973000,278
201,경상북도,2014,11,6881.0,2670922,1485000,270
202,경상남도,2014,11,7125.0,3307369,1702000,267
203,제주특별자치도,2014,11,7724.0,583335,329000,224
204,서울특별시,2014,12,20269.0,9975163,5449000,319
205,부산광역시,2014,12,9208.0,3452309,1760000,255
206,대구광역시,2014,12,8253.0,2474900,1275000,235
207,인천광역시,2014,12,10020.0,2862241,1544000,263
208,광주광역시,2014,12,7748.0,1504582,753000,249
209,대전광역시,2014,12,8067.0,1552692,788000,280
210,울산광역시,2014,12,8891.0,1151171,572000,295
211,경기도,2014,12,10379.0,12282013,6488000,278
212,세종특별자치시,2014,12,8560.0,132437,0,0
213,강원도,2014,12,6365.0,1510198,743000,248
214,충청북도,2014,12,6743.0,1578403,848000,253
215,충청남도,2014,12,6989.0,2087600,1203000,284
216,전라북도,2014,12,6583.0,1829437,923000,246
217,전라남도,2014,12,5784.0,1791887,973000,278
218,경상북도,2014,12,6989.0,2670922,1485000,270
219,경상남도,2014,12,7332.0,3307369,1702000,267
220,제주특별자치도,2014,12,7739.0,583335,329000,224
221,서울특별시,2015,1,20670.0,9941162,5391000,326
222,부산광역시,2015,1,9204.0,3452260,1756000,262
223,대구광역시,2015,1,8327.0,2468755,1291000,241
224,인천광역시,2015,1,10017.0,2882868,1567000,272
225,광주광역시,2015,1,7752.0,1505906,755000,256
226,대전광역시,2015,1,8067.0,1542394,797000,285
227,울산광역시,2015,1,8526.0,1163719,590000,308
228,경기도,2015,1,10391.0,12423017,6653000,285
229,세종특별자치시,2015,1,8560.0,187202,0,0
230,강원도,2015,1,6348.0,1516636,765000,256
231,충청북도,2015,1,6749.0,1589264,862000,263
232,충청남도,2015,1,6976.0,2102811,1242000,293
233,전라북도,2015,1,6583.0,1835125,938000,254
234,전라남도,2015,1,5784.0,1796578,987000,285
235,경상북도,2015,1,6992.0,2677768,1478000,277
236,경상남도,2015,1,7592.0,3330230,1736000,276
237,제주특별자치도,2015,1,7739.0,599252,346000,229
238,서울특별시,2015,2,20670.0,9941162,5391000,326
239,부산광역시,2015,2,9235.0,3452260,1756000,262
240,대구광역시,2015,2,8416.0,2468755,1291000,241
241,인천광역시,2015,2,9876.0,2882868,1567000,272
242,광주광역시,2015,2,7756.0,1505906,755000,256
243,대전광역시,2015,2,8067.0,1542394,797000,285
244,울산광역시,2015,2,8526.0,1163719,590000,308
245,경기도,2015,2,10355.0,12423017,6653000,285
246,세종특별자치시,2015,2,8560.0,187202,0,0
247,강원도,2015,2,6350.0,1516636,765000,256
248,충청북도,2015,2,6747.0,1589264,862000,263
249,충청남도,2015,2,6980.0,2102811,1242000,293
250,전라북도,2015,2,6583.0,1835125,938000,254
251,전라남도,2015,2,5833.0,1796578,987000,285
252,경상북도,2015,2,6953.0,2677768,1478000,277
253,경상남도,2015,2,7588.0,3330230,1736000,276
254,제주특별자치도,2015,2,7739.0,599252,346000,229
255,서울특별시,2015,3,19415.0,9941162,5391000,326
256,부산광역시,2015,3,9279.0,3452260,1756000,262
257,대구광역시,2015,3,8441.0,2468755,1291000,241
258,인천광역시,2015,3,9876.0,2882868,1567000,272
259,광주광역시,2015,3,7861.0,1505906,755000,256
260,대전광역시,2015,3,8067.0,1542394,797000,285
261,울산광역시,2015,3,8629.0,1163719,590000,308
262,경기도,2015,3,10469.0,12423017,6653000,285
263,세종특별자치시,2015,3,8555.0,187202,0,0
264,강원도,2015,3,6182.0,1516636,765000,256
265,충청북도,2015,3,6783.0,1589264,862000,263
266,충청남도,2015,3,7161.0,2102811,1242000,293
267,전라북도,2015,3,6542.0,1835125,938000,254
268,전라남도,2015,3,5825.0,1796578,987000,285
269,경상북도,2015,3,6997.0,2677768,1478000,277
270,경상남도,2015,3,7668.0,3330230,1736000,276
271,제주특별자치도,2015,3,7826.0,599252,346000,229
272,서울특별시,2015,4,18842.0,9941162,5391000,326
273,부산광역시,2015,4,9327.0,3452260,1756000,262
274,대구광역시,2015,4,8446.0,2468755,1291000,241
275,인천광역시,2015,4,9938.0,2882868,1567000,272
276,광주광역시,2015,4,7914.0,1505906,755000,256
277,대전광역시,2015,4,8145.0,1542394,797000,285
278,울산광역시,2015,4,9380.0,1163719,590000,308
279,경기도,2015,4,10684.0,12423017,6653000,285
280,세종특별자치시,2015,4,8546.0,187202,0,0
281,강원도,2015,4,6924.0,1516636,765000,256
282,충청북도,2015,4,6790.0,1589264,862000,263
283,충청남도,2015,4,7017.0,2102811,1242000,293
284,전라북도,2015,4,6551.0,1835125,938000,254
285,전라남도,2015,4,5940.0,1796578,987000,285
286,경상북도,2015,4,7006.0,2677768,1478000,277
287,경상남도,2015,4,7683.0,3330230,1736000,276
288,제주특별자치도,2015,4,7285.0,599252,346000,229
289,서울특별시,2015,5,18367.0,9941162,5391000,326
290,부산광역시,2015,5,9345.0,3452260,1756000,262
291,대구광역시,2015,5,8568.0,2468755,1291000,241
292,인천광역시,2015,5,10551.0,2882868,1567000,272
293,광주광역시,2015,5,7877.0,1505906,755000,256
294,대전광역시,2015,5,8272.0,1542394,797000,285
295,울산광역시,2015,5,9192.0,1163719,590000,308
296,경기도,2015,5,10685.0,12423017,6653000,285
297,세종특별자치시,2015,5,8546.0,187202,0,0
298,강원도,2015,5,6846.0,1516636,765000,256
299,충청북도,2015,5,6805.0,1589264,862000,263
300,충청남도,2015,5,6975.0,2102811,1242000,293
301,전라북도,2015,5,6556.0,1835125,938000,254
302,전라남도,2015,5,6050.0,1796578,987000,285
303,경상북도,2015,5,6966.0,2677768,1478000,277
304,경상남도,2015,5,7717.0,3330230,1736000,276
305,제주특별자치도,2015,5,7285.0,599252,346000,229
306,서울특별시,2015,6,18374.0,9941162,5391000,326
307,부산광역시,2015,6,9515.0,3452260,1756000,262
308,대구광역시,2015,6,8542.0,2468755,1291000,241
309,인천광역시,2015,6,10443.0,2882868,1567000,272
310,광주광역시,2015,6,7881.0,1505906,755000,256
311,대전광역시,2015,6,8079.0,1542394,797000,285
312,울산광역시,2015,6,9190.0,1163719,590000,308
313,경기도,2015,6,10573.0,12423017,6653000,285
314,세종특별자치시,2015,6,8671.0,187202,0,0
315,강원도,2015,6,6986.0,1516636,765000,256
316,충청북도,2015,6,6682.0,1589264,862000,263
317,충청남도,2015,6,6939.0,2102811,1242000,293
318,전라북도,2015,6,6601.0,1835125,938000,254
319,전라남도,2015,6,6243.0,1796578,987000,285
320,경상북도,2015,6,6887.0,2677768,1478000,277
321,경상남도,2015,6,7715.0,3330230,1736000,276
322,제주특별자치도,2015,6,7343.0,599252,346000,229
323,서울특별시,2015,7,18152.0,9941162,5391000,326
324,부산광역시,2015,7,9559.0,3452260,1756000,262
325,대구광역시,2015,7,8542.0,2468755,1291000,241
326,인천광역시,2015,7,10443.0,2882868,1567000,272
327,광주광역시,2015,7,8089.0,1505906,755000,256
328,대전광역시,2015,7,8079.0,1542394,797000,285
329,울산광역시,2015,7,9190.0,1163719,590000,308
330,경기도,2015,7,10518.0,12423017,6653000,285
331,세종특별자치시,2015,7,8669.0,187202,0,0
332,강원도,2015,7,7019.0,1516636,765000,256
333,충청북도,2015,7,6601.0,1589264,862000,263
334,충청남도,2015,7,6935.0,2102811,1242000,293
335,전라북도,2015,7,6750.0,1835125,938000,254
336,전라남도,2015,7,6286.0,1796578,987000,285
337,경상북도,2015,7,7035.0,2677768,1478000,277
338,경상남도,2015,7,7723.0,3330230,1736000,276
339,제주특별자치도,2015,7,7343.0,599252,346000,229
340,서울특별시,2015,8,18443.0,9941162,5391000,326
341,부산광역시,2015,8,9581.0,3452260,1756000,262
342,대구광역시,2015,8,8795.0,2468755,1291000,241
343,인천광역시,2015,8,10449.0,2882868,1567000,272
344,광주광역시,2015,8,8231.0,1505906,755000,256
345,대전광역시,2015,8,8079.0,1542394,797000,285
346,울산광역시,2015,8,9215.0,1163719,590000,308
347,경기도,2015,8,10573.0,12423017,6653000,285
348,세종특별자치시,2015,8,8695.0,187202,0,0
349,강원도,2015,8,7008.0,1516636,765000,256
350,충청북도,2015,8,6603.0,1589264,862000,263
351,충청남도,2015,8,6942.0,2102811,1242000,293
352,전라북도,2015,8,6580.0,1835125,938000,254
353,전라남도,2015,8,6289.0,1796578,987000,285
354,경상북도,2015,8,7037.0,2677768,1478000,277
355,경상남도,2015,8,7665.0,3330230,1736000,276
356,제주특별자치도,2015,8,7343.0,599252,346000,229
357,서울특별시,2015,10,19275.3,9941162,5391000,326
358,인천광역시,2015,10,10437.9,2882868,1567000,272
359,경기도,2015,10,10355.4,12423017,6653000,285
360,부산광역시,2015,10,10269.6,3452260,1756000,262
361,대구광역시,2015,10,8850.6,2468755,1291000,241
362,광주광역시,2015,10,7986.0,1505906,755000,256
363,대전광역시,2015,10,8098.2,1542394,797000,285
364,울산광역시,2015,10,10074.9,1163719,590000,308
365,세종특별자치시,2015,10,8718.6,187202,0,0
366,강원도,2015,10,7151.099999999999,1516636,765000,256
367,충청북도,2015,10,6705.599999999999,1589264,862000,263
368,충청남도,2015,10,6926.7,2102811,1242000,293
369,전라북도,2015,10,6778.2,1835125,938000,254
370,전라남도,2015,10,6352.5,1796578,987000,285
371,경상북도,2015,10,7088.4,2677768,1478000,277
372,경상남도,2015,10,7560.299999999999,3330230,1736000,276
373,제주특별자치도,2015,10,7365.599999999999,599252,346000,229
374,서울특별시,2015,11,19965.0,9941162,5391000,326
375,인천광역시,2015,11,10507.2,2882868,1567000,272
376,경기도,2015,11,10223.4,12423017,6653000,285
377,부산광역시,2015,11,10332.3,3452260,1756000,262
378,대구광역시,2015,11,9071.7,2468755,1291000,241
379,광주광역시,2015,11,7999.2,1505906,755000,256
380,대전광역시,2015,11,8098.2,1542394,797000,285
381,울산광역시,2015,11,10041.9,1163719,590000,308
382,세종특별자치시,2015,11,8738.4,187202,0,0
383,강원도,2015,11,7164.299999999999,1516636,765000,256
384,충청북도,2015,11,6613.2,1589264,862000,263
385,충청남도,2015,11,6930.0,2102811,1242000,293
386,전라북도,2015,11,6788.099999999999,1835125,938000,254
387,전라남도,2015,11,6299.7,1796578,987000,285
388,경상북도,2015,11,7227.0,2677768,1478000,277
389,경상남도,2015,11,7583.4,3330230,1736000,276
390,제주특별자치도,2015,11,7365.599999999999,599252,346000,229
391,서울특별시,2015,12,19935.3,9941162,5391000,326
392,인천광역시,2015,12,10507.2,2882868,1567000,272
393,경기도,2015,12,10553.4,12423017,6653000,285
394,부산광역시,2015,12,10319.1,3452260,1756000,262
395,대구광역시,2015,12,9774.6,2468755,1291000,241
396,광주광역시,2015,12,8170.799999999999,1505906,755000,256
397,대전광역시,2015,12,8098.2,1542394,797000,285
398,울산광역시,2015,12,10041.9,1163719,590000,308
399,세종특별자치시,2015,12,8794.5,187202,0,0
400,강원도,2015,12,7164.299999999999,1516636,765000,256
401,충청북도,2015,12,6616.5,1589264,862000,263
402,충청남도,2015,12,7487.7,2102811,1242000,293
403,전라북도,2015,12,6543.9,1835125,938000,254
404,전라남도,2015,12,6299.7,1796578,987000,285
405,경상북도,2015,12,7197.299999999999,2677768,1478000,277
406,경상남도,2015,12,7613.099999999999,3330230,1736000,276
407,제주특별자치도,2015,12,7484.4,599252,346000,229
408,서울특별시,2016,1,20156.4,9842501,5372000,336
409,인천광역시,2016,1,10530.3,2907366,1598000,283
410,경기도,2016,1,10553.4,12600313,6767000,297
411,부산광역시,2016,1,10401.6,3446962,1754000,269
412,대구광역시,2016,1,10183.8,2461272,1301000,247
413,광주광역시,2016,1,8477.699999999999,1502125,753000,263
414,대전광역시,2016,1,8098.2,1536169,800000,298
415,울산광역시,2016,1,10051.8,1166202,599000,312
416,세종특별자치시,2016,1,8794.5,234410,0,0
417,강원도,2016,1,7170.9,1520686,771000,272
418,충청북도,2016,1,6626.4,1600904,867000,277
419,충청남도,2016,1,7491.0,2126174,1266000,307
420,전라북도,2016,1,6534.0,1835243,960000,261
421,전라남도,2016,1,6299.7,1798310,994000,293
422,경상북도,2016,1,7197.299999999999,2683339,1490000,291
423,경상남도,2016,1,7679.099999999999,3337708,1763000,288
424,제주특별자치도,2016,1,7484.4,618119,363000,238
425,서울특별시,2016,2,20166.3,9842501,5372000,336
426,인천광역시,2016,2,10533.6,2907366,1598000,283
427,경기도,2016,2,10622.7,12600313,6767000,297
428,부산광역시,2016,2,10408.2,3446962,1754000,269
429,대구광역시,2016,2,10111.2,2461272,1301000,247
430,광주광역시,2016,2,8477.699999999999,1502125,753000,263
431,대전광역시,2016,2,8098.2,1536169,800000,298
432,울산광역시,2016,2,10051.8,1166202,599000,312
433,세종특별자치시,2016,2,8794.5,234410,0,0
434,강원도,2016,2,7170.9,1520686,771000,272
435,충청북도,2016,2,6626.4,1600904,867000,277
436,충청남도,2016,2,7497.599999999999,2126174,1266000,307
437,전라북도,2016,2,6534.0,1835243,960000,261
438,전라남도,2016,2,6345.9,1798310,994000,293
439,경상북도,2016,2,7190.7,2683339,1490000,291
440,경상남도,2016,2,7781.4,3337708,1763000,288
441,제주특별자치도,2016,2,7484.4,618119,363000,238
442,서울특별시,2016,3,20370.9,9842501,5372000,336
443,인천광역시,2016,3,10527.0,2907366,1598000,283
444,경기도,2016,3,10609.5,12600313,6767000,297
445,부산광역시,2016,3,10487.4,3446962,1754000,269
446,대구광역시,2016,3,10292.7,2461272,1301000,247
447,광주광역시,2016,3,8547.0,1502125,753000,263
448,대전광역시,2016,3,8098.2,1536169,800000,298
449,울산광역시,2016,3,10117.8,1166202,599000,312
450,세종특별자치시,2016,3,8811.0,234410,0,0
451,강원도,2016,3,7240.2,1520686,771000,272
452,충청북도,2016,3,6534.0,1600904,867000,277
453,충청남도,2016,3,6979.5,2126174,1266000,307
454,전라북도,2016,3,6438.299999999999,1835243,960000,261
455,전라남도,2016,3,6339.299999999999,1798310,994000,293
456,경상북도,2016,3,7190.7,2683339,1490000,291
457,경상남도,2016,3,7863.9,3337708,1763000,288
458,제주특별자치도,2016,3,7636.2,618119,363000,238
459,서울특별시,2016,4,20595.3,9842501,5372000,336
460,인천광역시,2016,4,10685.4,2907366,1598000,283
461,경기도,2016,4,10556.7,12600313,6767000,297
462,부산광역시,2016,4,10457.7,3446962,1754000,269
463,대구광역시,2016,4,10335.6,2461272,1301000,247
464,광주광역시,2016,4,8910.0,1502125,753000,263
465,대전광역시,2016,4,8081.7,1536169,800000,298
466,울산광역시,2016,4,10137.6,1166202,599000,312
467,세종특별자치시,2016,4,8844.0,234410,0,0
468,강원도,2016,4,7062.0,1520686,771000,272
469,충청북도,2016,4,6494.4,1600904,867000,277
470,충청남도,2016,4,7157.7,2126174,1266000,307
471,전라북도,2016,4,6299.7,1835243,960000,261
472,전라남도,2016,4,6352.5,1798310,994000,293
473,경상북도,2016,4,7184.099999999999,2683339,1490000,291
474,경상남도,2016,4,7890.299999999999,3337708,1763000,288
475,제주특별자치도,2016,4,8972.699999999999,618119,363000,238
476,서울특별시,2016,5,20671.2,9842501,5372000,336
477,인천광역시,2016,5,10490.7,2907366,1598000,283
478,경기도,2016,5,11361.9,12600313,6767000,297
479,부산광역시,2016,5,10388.4,3446962,1754000,269
480,대구광역시,2016,5,10335.6,2461272,1301000,247
481,광주광역시,2016,5,8982.6,1502125,753000,263
482,대전광역시,2016,5,8134.5,1536169,800000,298
483,울산광역시,2016,5,10154.1,1166202,599000,312
484,세종특별자치시,2016,5,8844.0,234410,0,0
485,강원도,2016,5,6986.099999999999,1520686,771000,272
486,충청북도,2016,5,6534.0,1600904,867000,277
487,충청남도,2016,5,7147.799999999999,2126174,1266000,307
488,전라북도,2016,5,6418.5,1835243,960000,261
489,전라남도,2016,5,6359.099999999999,1798310,994000,293
490,경상북도,2016,5,7180.799999999999,2683339,1490000,291
491,경상남도,2016,5,7857.299999999999,3337708,1763000,288
492,제주특별자치도,2016,5,8880.3,618119,363000,238
493,서울특별시,2016,6,20486.4,9842501,5372000,336
494,인천광역시,2016,6,10573.2,2907366,1598000,283
495,경기도,2016,6,11688.6,12600313,6767000,297
496,부산광역시,2016,6,10395.0,3446962,1754000,269
497,대구광역시,2016,6,10342.2,2461272,1301000,247
498,광주광역시,2016,6,9032.1,1502125,753000,263
499,대전광역시,2016,6,8454.6,1536169,800000,298
500,울산광역시,2016,6,10127.7,1166202,599000,312
501,세종특별자치시,2016,6,8853.9,234410,0,0
502,강원도,2016,6,6943.2,1520686,771000,272
503,충청북도,2016,6,6755.099999999999,1600904,867000,277
504,충청남도,2016,6,7253.4,2126174,1266000,307
505,전라북도,2016,6,6372.299999999999,1835243,960000,261
506,전라남도,2016,6,6494.4,1798310,994000,293
507,경상북도,2016,6,7385.4,2683339,1490000,291
508,경상남도,2016,6,7883.7,3337708,1763000,288
509,제주특별자치도,2016,6,9329.1,618119,363000,238
510,서울특별시,2016,7,20638.2,9842501,5372000,336
511,인천광역시,2016,7,10632.6,2907366,1598000,283
512,경기도,2016,7,11652.3,12600313,6767000,297
513,부산광역시,2016,7,10421.4,3446962,1754000,269
514,대구광역시,2016,7,10329.0,2461272,1301000,247
515,광주광역시,2016,7,9048.6,1502125,753000,263
516,대전광역시,2016,7,8454.6,1536169,800000,298
517,울산광역시,2016,7,10127.7,1166202,599000,312
518,세종특별자치시,2016,7,8867.1,234410,0,0
519,강원도,2016,7,6933.299999999999,1520686,771000,272
520,충청북도,2016,7,6847.5,1600904,867000,277
521,충청남도,2016,7,7253.4,2126174,1266000,307
522,전라북도,2016,7,6365.7,1835243,960000,261
523,전라남도,2016,7,6494.4,1798310,994000,293
524,경상북도,2016,7,7418.4,2683339,1490000,291
525,경상남도,2016,7,7837.5,3337708,1763000,288
526,제주특별자치도,2016,7,9329.1,618119,363000,238
527,서울특별시,2016,8,20740.5,9842501,5372000,336
528,인천광역시,2016,8,10675.5,2907366,1598000,283
529,경기도,2016,8,11751.3,12600313,6767000,297
530,부산광역시,2016,8,10510.5,3446962,1754000,269
531,대구광역시,2016,8,10385.1,2461272,1301000,247
532,광주광역시,2016,8,8995.8,1502125,753000,263
533,대전광역시,2016,8,8454.6,1536169,800000,298
534,울산광역시,2016,8,9820.8,1166202,599000,312
535,세종특별자치시,2016,8,8890.199999999999,234410,0,0
536,강원도,2016,8,6923.4,1520686,771000,272
537,충청북도,2016,8,7009.2,1600904,867000,277
538,충청남도,2016,8,7375.5,2126174,1266000,307
539,전라북도,2016,8,6365.7,1835243,960000,261
540,전라남도,2016,8,6487.799999999999,1798310,994000,293
541,경상북도,2016,8,7385.4,2683339,1490000,291
542,경상남도,2016,8,7867.2,3337708,1763000,288
543,제주특별자치도,2016,8,9497.4,618119,363000,238
544,서울특별시,2016,9,20733.9,9842501,5372000,336
545,인천광역시,2016,9,10454.4,2907366,1598000,283
546,경기도,2016,9,11088.0,12600313,6767000,297
547,부산광역시,2016,9,10560.0,3446962,1754000,269
548,대구광역시,2016,9,10385.1,2461272,1301000,247
549,광주광역시,2016,9,8979.3,1502125,753000,263
550,대전광역시,2016,9,8306.1,1536169,800000,298
551,울산광역시,2016,9,9820.8,1166202,599000,312
552,세종특별자치시,2016,9,8873.699999999999,234410,0,0
553,강원도,2016,9,6930.0,1520686,771000,272
554,충청북도,2016,9,7012.5,1600904,867000,277
555,충청남도,2016,9,7378.799999999999,2126174,1266000,307
556,전라북도,2016,9,6352.5,1835243,960000,261
557,전라남도,2016,9,6507.599999999999,1798310,994000,293
558,경상북도,2016,9,7428.299999999999,2683339,1490000,291
559,경상남도,2016,9,7890.299999999999,3337708,1763000,288
560,제주특별자치도,2016,9,10173.9,618119,363000,238
561,서울특별시,2016,10,21120.0,9842501,5372000,336
562,인천광역시,2016,10,10553.4,2907366,1598000,283
563,경기도,2016,10,11322.3,12600313,6767000,297
564,부산광역시,2016,10,10220.1,3446962,1754000,269
565,대구광역시,2016,10,10385.1,2461272,1301000,247
566,광주광역시,2016,10,8992.5,1502125,753000,263
567,대전광역시,2016,10,10117.8,1536169,800000,298
568,울산광역시,2016,10,10576.5,1166202,599000,312
569,세종특별자치시,2016,10,8910.0,234410,0,0
570,강원도,2016,10,7052.099999999999,1520686,771000,272
571,충청북도,2016,10,6923.4,1600904,867000,277
572,충청남도,2016,10,7415.099999999999,2126174,1266000,307
573,전라북도,2016,10,6359.099999999999,1835243,960000,261
574,전라남도,2016,10,6540.599999999999,1798310,994000,293
575,경상북도,2016,10,7570.2,2683339,1490000,291
576,경상남도,2016,10,7959.599999999999,3337708,1763000,288
577,제주특별자치도,2016,10,10173.9,618119,363000,238
578,서울특별시,2016,11,21021.0,9842501,5372000,336
579,인천광역시,2016,11,10398.3,2907366,1598000,283
580,경기도,2016,11,11701.8,12600313,6767000,297
581,부산광역시,2016,11,10173.9,3446962,1754000,269
582,대구광역시,2016,11,10259.7,2461272,1301000,247
583,광주광역시,2016,11,9157.5,1502125,753000,263
584,대전광역시,2016,11,8860.5,1536169,800000,298
585,울산광역시,2016,11,10758.0,1166202,599000,312
586,세종특별자치시,2016,11,8916.6,234410,0,0
587,강원도,2016,11,6834.299999999999,1520686,771000,272
588,충청북도,2016,11,7012.5,1600904,867000,277
589,충청남도,2016,11,7514.099999999999,2126174,1266000,307
590,전라북도,2016,11,6362.4,1835243,960000,261
591,전라남도,2016,11,6784.799999999999,1798310,994000,293
592,경상북도,2016,11,7570.2,2683339,1490000,291
593,경상남도,2016,11,7784.7,3337708,1763000,288
594,제주특별자치도,2016,11,10253.1,618119,363000,238
595,서울특별시,2016,12,21261.9,9842501,5372000,336
596,인천광역시,2016,12,10335.6,2907366,1598000,283
597,경기도,2016,12,11731.5,12600313,6767000,297
598,부산광역시,2016,12,10734.9,3446962,1754000,269
599,대구광역시,2016,12,10375.2,2461272,1301000,247
600,광주광역시,2016,12,9183.9,1502125,753000,263
601,대전광역시,2016,12,8860.5,1536169,800000,298
602,울산광역시,2016,12,10758.0,1166202,599000,312
603,세종특별자치시,2016,12,8926.5,234410,0,0
604,강원도,2016,12,6887.099999999999,1520686,771000,272
605,충청북도,2016,12,6867.299999999999,1600904,867000,277
606,충청남도,2016,12,7504.2,2126174,1266000,307
607,전라북도,2016,12,6613.2,1835243,960000,261
608,전라남도,2016,12,6857.4,1798310,994000,293
609,경상북도,2016,12,7626.299999999999,2683339,1490000,291
610,경상남도,2016,12,7880.4,3337708,1763000,288
611,제주특별자치도,2016,12,10335.6,618119,363000,238
612,서울특별시,2017,1,21285.0,9766399,5396000,344
613,인천광역시,2017,1,10335.6,2923859,1607000,291
614,경기도,2017,1,11728.2,12785790,6953000,310
615,부산광역시,2017,1,10705.2,3424409,1766000,278
616,대구광역시,2017,1,10299.3,2457769,1291000,263
617,광주광역시,2017,1,9167.4,1495392,766000,273
618,대전광역시,2017,1,8860.5,1527784,791000,307
619,울산광역시,2017,1,10758.0,1158787,605000,316
620,세종특별자치시,2017,1,8926.5,265517,132000,0
621,강원도,2017,1,6880.5,1520879,811000,280
622,충청북도,2017,1,6946.5,1609061,880000,288
623,충청남도,2017,1,7375.5,2153380,1174000,313
624,전라북도,2017,1,6619.799999999999,1828527,944000,275
625,전라남도,2017,1,6857.4,1795036,988000,299
626,경상북도,2017,1,7629.599999999999,2675128,1488000,298
627,경상남도,2017,1,7887.0,3339275,1775000,294
628,제주특별자치도,2017,1,10309.2,634919,382000,245
629,서울특별시,2017,2,21331.2,9766399,5396000,344
630,인천광역시,2017,2,10451.1,2923859,1607000,291
631,경기도,2017,2,11903.1,12785790,6953000,310
632,부산광역시,2017,2,10701.9,3424409,1766000,278
633,대구광역시,2017,2,10421.4,2457769,1291000,263
634,광주광역시,2017,2,9167.4,1495392,766000,273
635,대전광역시,2017,2,8979.3,1527784,791000,307
636,울산광역시,2017,2,10767.9,1158787,605000,316
637,세종특별자치시,2017,2,8926.5,265517,132000,0
638,강원도,2017,2,6897.0,1520879,811000,280
639,충청북도,2017,2,6745.2,1609061,880000,288
640,충청남도,2017,2,7378.799999999999,2153380,1174000,313
641,전라북도,2017,2,6629.7,1828527,944000,275
642,전라남도,2017,2,6906.9,1795036,988000,299
643,경상북도,2017,2,7613.099999999999,2675128,1488000,298
644,경상남도,2017,2,7867.2,3339275,1775000,294
645,제주특별자치도,2017,2,10342.2,634919,382000,245
646,서울특별시,2017,3,21021.0,9766399,5396000,344
647,인천광역시,2017,3,10490.7,2923859,1607000,291
648,경기도,2017,3,11985.6,12785790,6953000,310
649,부산광역시,2017,3,10857.0,3424409,1766000,278
650,대구광역시,2017,3,10560.0,2457769,1291000,263
651,광주광역시,2017,3,9183.9,1495392,766000,273
652,대전광역시,2017,3,8979.3,1527784,791000,307
653,울산광역시,2017,3,10767.9,1158787,605000,316
654,세종특별자치시,2017,3,8926.5,265517,132000,0
655,강원도,2017,3,6824.4,1520879,811000,280
656,충청북도,2017,3,6520.799999999999,1609061,880000,288
657,충청남도,2017,3,7382.099999999999,2153380,1174000,313
658,전라북도,2017,3,6745.2,1828527,944000,275
659,전라남도,2017,3,6897.0,1795036,988000,299
660,경상북도,2017,3,7560.299999999999,2675128,1488000,298
661,경상남도,2017,3,7943.099999999999,3339275,1775000,294
662,제주특별자치도,2017,3,10220.1,634919,382000,245
663,서울특별시,2017,4,21007.8,9766399,5396000,344
664,인천광역시,2017,4,10490.7,2923859,1607000,291
665,경기도,2017,4,11893.2,12785790,6953000,310
666,부산광역시,2017,4,10853.7,3424409,1766000,278
667,대구광역시,2017,4,10490.7,2457769,1291000,263
668,광주광역시,2017,4,9418.2,1495392,766000,273
669,대전광역시,2017,4,9038.7,1527784,791000,307
670,울산광역시,2017,4,11807.4,1158787,605000,316
671,세종특별자치시,2017,4,9005.699999999999,265517,132000,0
672,강원도,2017,4,6824.4,1520879,811000,280
673,충청북도,2017,4,6732.0,1609061,880000,288
674,충청남도,2017,4,7329.299999999999,2153380,1174000,313
675,전라북도,2017,4,6946.5,1828527,944000,275
676,전라남도,2017,4,6949.799999999999,1795036,988000,299
677,경상북도,2017,4,7649.4,2675128,1488000,298
678,경상남도,2017,4,7923.299999999999,3339275,1775000,294
679,제주특별자치도,2017,4,10965.9,634919,382000,245
680,서울특별시,2017,5,21120.0,9766399,5396000,344
681,인천광역시,2017,5,10860.3,2923859,1607000,291
682,경기도,2017,5,11464.2,12785790,6953000,310
683,부산광역시,2017,5,11711.7,3424409,1766000,278
684,대구광역시,2017,5,10490.7,2457769,1291000,263
685,광주광역시,2017,5,9537.0,1495392,766000,273
686,대전광역시,2017,5,9038.7,1527784,791000,307
687,울산광역시,2017,5,11807.4,1158787,605000,316
688,세종특별자치시,2017,5,9005.699999999999,265517,132000,0
689,강원도,2017,5,6877.2,1520879,811000,280
690,충청북도,2017,5,6765.0,1609061,880000,288
691,충청남도,2017,5,7332.599999999999,2153380,1174000,313
692,전라북도,2017,5,7029.0,1828527,944000,275
693,전라남도,2017,5,7144.5,1795036,988000,299
694,경상북도,2017,5,7797.9,2675128,1488000,298
695,경상남도,2017,5,7979.4,3339275,1775000,294
696,제주특별자치도,2017,5,11414.7,634919,382000,245
697,서울특별시,2017,6,22001.1,9766399,5396000,344
698,인천광역시,2017,6,10975.8,2923859,1607000,291
699,경기도,2017,6,11513.7,12785790,6953000,310
700,부산광역시,2017,6,11932.8,3424409,1766000,278
701,대구광역시,2017,6,10711.8,2457769,1291000,263
702,광주광역시,2017,6,9609.6,1495392,766000,273
703,대전광역시,2017,6,9038.7,1527784,791000,307
704,울산광역시,2017,6,11820.6,1158787,605000,316
705,세종특별자치시,2017,6,9018.9,265517,132000,0
706,강원도,2017,6,7032.299999999999,1520879,811000,280
707,충청북도,2017,6,6741.9,1609061,880000,288
708,충청남도,2017,6,7504.2,2153380,1174000,313
709,전라북도,2017,6,7263.299999999999,1828527,944000,275
710,전라남도,2017,6,7085.099999999999,1795036,988000,299
711,경상북도,2017,6,7863.9,2675128,1488000,298
712,경상남도,2017,6,8065.2,3339275,1775000,294
713,제주특별자치도,2017,6,10804.2,634919,382000,245
714,서울특별시,2017,7,21690.9,9766399,5396000,344
715,인천광역시,2017,7,10962.6,2923859,1607000,291
716,경기도,2017,7,11975.7,12785790,6953000,310
717,부산광역시,2017,7,11926.2,3424409,1766000,278
718,대구광역시,2017,7,12771.0,2457769,1291000,263
719,광주광역시,2017,7,9550.2,1495392,766000,273
720,대전광역시,2017,7,9035.4,1527784,791000,307
721,울산광역시,2017,7,11820.6,1158787,605000,316
722,세종특별자치시,2017,7,9018.9,265517,132000,0
723,강원도,2017,7,7081.799999999999,1520879,811000,280
724,충청북도,2017,7,6741.9,1609061,880000,288
725,충청남도,2017,7,7507.5,2153380,1174000,313
726,전라북도,2017,7,7243.5,1828527,944000,275
727,전라남도,2017,7,7085.099999999999,1795036,988000,299
728,경상북도,2017,7,7860.599999999999,2675128,1488000,298
729,경상남도,2017,7,8134.5,3339275,1775000,294
730,제주특별자치도,2017,7,11005.5,634919,382000,245
731,서울특별시,2017,8,20367.6,9766399,5396000,344
732,인천광역시,2017,8,10800.9,2923859,1607000,291
733,경기도,2017,8,12015.3,12785790,6953000,310
734,부산광역시,2017,8,11843.7,3424409,1766000,278
735,대구광역시,2017,8,13180.2,2457769,1291000,263
736,광주광역시,2017,8,9579.9,1495392,766000,273
737,대전광역시,2017,8,9035.4,1527784,791000,307
738,울산광역시,2017,8,11820.6,1158787,605000,316
739,세종특별자치시,2017,8,9022.2,265517,132000,0
740,강원도,2017,8,7484.4,1520879,811000,280
741,충청북도,2017,8,6765.0,1609061,880000,288
742,충청남도,2017,8,7448.099999999999,2153380,1174000,313
743,전라북도,2017,8,7289.7,1828527,944000,275
744,전라남도,2017,8,7306.2,1795036,988000,299
745,경상북도,2017,8,8055.299999999999,2675128,1488000,298
746,경상남도,2017,8,8299.5,3339275,1775000,294
747,제주특별자치도,2017,8,11005.5,634919,382000,245
748,서울특별시,2017,9,21473.1,9766399,5396000,344
749,인천광역시,2017,9,10896.6,2923859,1607000,291
750,경기도,2017,9,11972.4,12785790,6953000,310
751,부산광역시,2017,9,11860.2,3424409,1766000,278
752,대구광역시,2017,9,12668.7,2457769,1291000,263
753,광주광역시,2017,9,9718.5,1495392,766000,273
754,대전광역시,2017,9,9550.2,1527784,791000,307
755,울산광역시,2017,9,11820.6,1158787,605000,316
756,세종특별자치시,2017,9,9101.4,265517,132000,0
757,강원도,2017,9,7375.5,1520879,811000,280
758,충청북도,2017,9,6778.2,1609061,880000,288
759,충청남도,2017,9,7448.099999999999,2153380,1174000,313
760,전라북도,2017,9,7322.7,1828527,944000,275
761,전라남도,2017,9,7306.2,1795036,988000,299
762,경상북도,2017,9,8015.7,2675128,1488000,298
763,경상남도,2017,9,8283.0,3339275,1775000,294
764,제주특별자치도,2017,9,10632.6,634919,382000,245
765,서울특별시,2017,10,21707.4,9766399,5396000,344
766,인천광역시,2017,10,10890.0,2923859,1607000,291
767,경기도,2017,10,11962.5,12785790,6953000,310
768,부산광역시,2017,10,12285.9,3424409,1766000,278
769,대구광역시,2017,10,12668.7,2457769,1291000,263
770,광주광역시,2017,10,9609.6,1495392,766000,273
771,대전광역시,2017,10,9005.699999999999,1527784,791000,307
772,울산광역시,2017,10,11170.5,1158787,605000,316
773,세종특별자치시,2017,10,9104.7,265517,132000,0
774,강원도,2017,10,7520.7,1520879,811000,280
775,충청북도,2017,10,6798.0,1609061,880000,288
776,충청남도,2017,10,7533.9,2153380,1174000,313
777,전라북도,2017,10,7200.599999999999,1828527,944000,275
778,전라남도,2017,10,7606.5,1795036,988000,299
779,경상북도,2017,10,7811.099999999999,2675128,1488000,298
780,경상남도,2017,10,8038.799999999999,3339275,1775000,294
781,제주특별자치도,2017,10,10632.6,634919,382000,245
782,서울특별시,2017,11,21968.1,9766399,5396000,344
783,인천광역시,2017,11,10890.0,2923859,1607000,291
784,경기도,2017,11,11738.1,12785790,6953000,310
785,부산광역시,2017,11,12606.0,3424409,1766000,278
786,대구광역시,2017,11,12071.4,2457769,1291000,263
787,광주광역시,2017,11,9553.5,1495392,766000,273
788,대전광역시,2017,11,9180.6,1527784,791000,307
789,울산광역시,2017,11,11134.2,1158787,605000,316
790,세종특별자치시,2017,11,9108.0,265517,132000,0
791,강원도,2017,11,7652.7,1520879,811000,280
792,충청북도,2017,11,6854.099999999999,1609061,880000,288
793,충청남도,2017,11,7451.4,2153380,1174000,313
794,전라북도,2017,11,7260.0,1828527,944000,275
795,전라남도,2017,11,7883.7,1795036,988000,299
796,경상북도,2017,11,7887.0,2675128,1488000,298
797,경상남도,2017,11,8649.3,3339275,1775000,294
798,제주특별자치도,2017,11,11748.0,634919,382000,245
799,서울특별시,2017,12,22129.8,9766399,5396000,344
800,인천광역시,2017,12,10949.4,2923859,1607000,291
801,경기도,2017,12,11936.1,12785790,6953000,310
802,부산광역시,2017,12,12678.6,3424409,1766000,278
803,대구광역시,2017,12,11751.3,2457769,1291000,263
804,광주광역시,2017,12,9556.8,1495392,766000,273
805,대전광역시,2017,12,8929.8,1527784,791000,307
806,울산광역시,2017,12,10434.6,1158787,605000,316
807,세종특별자치시,2017,12,10431.3,265517,132000,0
808,강원도,2017,12,7596.599999999999,1520879,811000,280
809,충청북도,2017,12,6854.099999999999,1609061,880000,288
810,충청남도,2017,12,7778.099999999999,2153380,1174000,313
811,전라북도,2017,12,7345.799999999999,1828527,944000,275
812,전라남도,2017,12,7920.0,1795036,988000,299
813,경상북도,2017,12,7887.0,2675128,1488000,298
814,경상남도,2017,12,8896.8,3339275,1775000,294
815,제주특별자치도,2017,12,11807.4,634919,382000,245
816,서울특별시,2018,1,21855.9,9697449,5335000,356
817,인천광역시,2018,1,10998.9,2935848,1645000,301
818,경기도,2018,1,12691.8,13026541,7058000,323
819,부산광역시,2018,1,12678.6,3403116,1729000,296
820,대구광역시,2018,1,11830.5,2448800,1282000,276
821,광주광역시,2018,1,9550.2,1488439,779000,280
822,대전광역시,2018,1,9055.2,1513217,792000,318
823,울산광역시,2018,1,10434.6,1152725,602000,327
824,세종특별자치시,2018,1,10431.3,302249,152000,0
825,강원도,2018,1,7669.2,1521442,812000,293
826,충청북도,2018,1,6854.099999999999,1618090,898000,303
827,충청남도,2018,1,7900.2,2177105,1216000,324
828,전라북도,2018,1,7345.799999999999,1822635,940000,290
829,전라남도,2018,1,7920.0,1796331,988000,314
830,경상북도,2018,1,8055.299999999999,2675196,1488000,315
831,경상남도,2018,1,8896.8,3351332,1801000,305
832,제주특별자치도,2018,1,11998.8,654543,379000,258
833,서울특별시,2018,2,21882.3,9697449,5335000,356
834,인천광역시,2018,2,11028.6,2935848,1645000,301
835,경기도,2018,2,12790.8,13026541,7058000,323
836,부산광역시,2018,2,12705.0,3403116,1729000,296
837,대구광역시,2018,2,11101.2,2448800,1282000,276
838,광주광역시,2018,2,9550.2,1488439,779000,280
839,대전광역시,2018,2,9527.1,1513217,792000,318
840,울산광역시,2018,2,10474.2,1152725,602000,327
841,세종특별자치시,2018,2,10431.3,302249,152000,0
842,강원도,2018,2,7665.9,1521442,812000,293
843,충청북도,2018,2,7147.799999999999,1618090,898000,303
844,충청남도,2018,2,7900.2,2177105,1216000,324
845,전라북도,2018,2,7500.9,1822635,940000,290
846,전라남도,2018,2,7774.799999999999,1796331,988000,314
847,경상북도,2018,2,8055.299999999999,2675196,1488000,315
848,경상남도,2018,2,8903.4,3351332,1801000,305
849,제주특별자치도,2018,2,12635.7,654543,379000,258
850,서울특별시,2018,3,22558.8,9697449,5335000,356
851,인천광역시,2018,3,11408.1,2935848,1645000,301
852,경기도,2018,3,12790.8,13026541,7058000,323
853,부산광역시,2018,3,12596.1,3403116,1729000,296
854,대구광역시,2018,3,11193.6,2448800,1282000,276
855,광주광역시,2018,3,9669.0,1488439,779000,280
856,대전광역시,2018,3,9527.1,1513217,792000,318
857,울산광역시,2018,3,10474.2,1152725,602000,327
858,세종특별자치시,2018,3,10431.3,302249,152000,0
859,강원도,2018,3,7890.299999999999,1521442,812000,293
860,충청북도,2018,3,8101.5,1618090,898000,303
861,충청남도,2018,3,7900.2,2177105,1216000,324
862,전라북도,2018,3,7467.9,1822635,940000,290
863,전라남도,2018,3,7748.4,1796331,988000,314
864,경상북도,2018,3,8052.0,2675196,1488000,315
865,경상남도,2018,3,8900.1,3351332,1801000,305
866,제주특별자치도,2018,3,12952.5,654543,379000,258
867,서울특별시,2018,4,22575.3,9697449,5335000,356
868,인천광역시,2018,4,11408.1,2935848,1645000,301
869,경기도,2018,4,12734.7,13026541,7058000,323
870,부산광역시,2018,4,12747.9,3403116,1729000,296
871,대구광역시,2018,4,11629.2,2448800,1282000,276
872,광주광역시,2018,4,9520.5,1488439,779000,280
873,대전광역시,2018,4,9807.6,1513217,792000,318
874,울산광역시,2018,4,10474.2,1152725,602000,327
875,세종특별자치시,2018,4,10332.3,302249,152000,0
876,강원도,2018,4,7514.099999999999,1521442,812000,293
877,충청북도,2018,4,8682.3,1618090,898000,303
878,충청남도,2018,4,7900.2,2177105,1216000,324
879,전라북도,2018,4,7646.099999999999,1822635,940000,290
880,전라남도,2018,4,7771.5,1796331,988000,314
881,경상북도,2018,4,8052.0,2675196,1488000,315
882,경상남도,2018,4,8877.0,3351332,1801000,305
883,제주특별자치도,2018,4,12952.5,654543,379000,258
884,서울특별시,2018,5,22832.7,9697449,5335000,356
885,인천광역시,2018,5,11338.8,2935848,1645000,301
886,경기도,2018,5,13157.1,13026541,7058000,323
887,부산광역시,2018,5,12714.9,3403116,1729000,296
888,대구광역시,2018,5,12048.3,2448800,1282000,276
889,광주광역시,2018,5,9589.8,1488439,779000,280
890,대전광역시,2018,5,9807.6,1513217,792000,318
891,울산광역시,2018,5,10474.2,1152725,602000,327
892,세종특별자치시,2018,5,10332.3,302249,152000,0
893,강원도,2018,5,7553.7,1521442,812000,293
894,충청북도,2018,5,8698.8,1618090,898000,303
895,충청남도,2018,5,8094.9,2177105,1216000,324
896,전라북도,2018,5,7675.799999999999,1822635,940000,290
897,전라남도,2018,5,7774.799999999999,1796331,988000,314
898,경상북도,2018,5,8672.4,2675196,1488000,315
899,경상남도,2018,5,8893.5,3351332,1801000,305
900,제주특별자치도,2018,5,12952.5,654543,379000,258
901,서울특별시,2018,6,22090.2,9697449,5335000,356
902,인천광역시,2018,6,11127.6,2935848,1645000,301
903,경기도,2018,6,12959.1,13026541,7058000,323
904,부산광역시,2018,6,12817.2,3403116,1729000,296
905,대구광역시,2018,6,12107.7,2448800,1282000,276
906,광주광역시,2018,6,9900.0,1488439,779000,280
907,대전광역시,2018,6,9807.6,1513217,792000,318
908,울산광역시,2018,6,10312.5,1152725,602000,327
909,세종특별자치시,2018,6,10332.3,302249,152000,0
910,강원도,2018,6,7563.599999999999,1521442,812000,293
911,충청북도,2018,6,7873.799999999999,1618090,898000,303
912,충청남도,2018,6,8141.099999999999,2177105,1216000,324
913,전라북도,2018,6,7675.799999999999,1822635,940000,290
914,전라남도,2018,6,7774.799999999999,1796331,988000,314
915,경상북도,2018,6,8682.3,2675196,1488000,315
916,경상남도,2018,6,8893.5,3351332,1801000,305
917,제주특별자치도,2018,6,12952.5,654543,379000,258
918,서울특별시,2018,7,22506.0,9697449,5335000,356
919,인천광역시,2018,7,11127.6,2935848,1645000,301
920,경기도,2018,7,13041.6,13026541,7058000,323
921,부산광역시,2018,7,13035.0,3403116,1729000,296
922,대구광역시,2018,7,12249.6,2448800,1282000,276
923,광주광역시,2018,7,9685.5,1488439,779000,280
924,대전광역시,2018,7,9698.7,1513217,792000,318
925,울산광역시,2018,7,10312.5,1152725,602000,327
926,세종특별자치시,2018,7,10332.3,302249,152000,0
927,강원도,2018,7,7629.599999999999,1521442,812000,293
928,충청북도,2018,7,7887.0,1618090,898000,303
929,충청남도,2018,7,8141.099999999999,2177105,1216000,324
930,전라북도,2018,7,7698.9,1822635,940000,290
931,전라남도,2018,7,7778.099999999999,1796331,988000,314
932,경상북도,2018,7,8824.199999999999,2675196,1488000,315
933,경상남도,2018,7,8896.8,3351332,1801000,305
934,제주특별자치도,2018,7,11002.2,654543,379000,258
935,서울특별시,2018,8,22212.3,9697449,5335000,356
936,인천광역시,2018,8,11031.9,2935848,1645000,301
937,경기도,2018,8,13431.0,13026541,7058000,323
938,부산광역시,2018,8,13107.6,3403116,1729000,296
939,대구광역시,2018,8,12295.8,2448800,1282000,276
940,광주광역시,2018,8,9685.5,1488439,779000,280
941,대전광역시,2018,8,9698.7,1513217,792000,318
942,울산광역시,2018,8,10312.5,1152725,602000,327
943,세종특별자치시,2018,8,10388.4,302249,152000,0
944,강원도,2018,8,7669.2,1521442,812000,293
945,충청북도,2018,8,7887.0,1618090,898000,303
946,충청남도,2018,8,8071.799999999999,2177105,1216000,324
947,전라북도,2018,8,7626.299999999999,1822635,940000,290
948,전라남도,2018,8,7778.099999999999,1796331,988000,314
949,경상북도,2018,8,8589.9,2675196,1488000,315
950,경상남도,2018,8,8781.3,3351332,1801000,305
951,제주특별자치도,2018,8,11002.2,654543,379000,258
952,서울특별시,2018,9,23080.2,9697449,5335000,356
953,인천광역시,2018,9,11031.9,2935848,1645000,301
954,경기도,2018,9,13510.2,13026541,7058000,323
955,부산광역시,2018,9,13497.0,3403116,1729000,296
956,대구광역시,2018,9,12342.0,2448800,1282000,276
957,광주광역시,2018,9,9672.3,1488439,779000,280
958,대전광역시,2018,9,11111.1,1513217,792000,318
959,울산광역시,2018,9,10312.5,1152725,602000,327
960,세종특별자치시,2018,9,10388.4,302249,152000,0
961,강원도,2018,9,7685.7,1521442,812000,293
962,충청북도,2018,9,7867.2,1618090,898000,303
963,충청남도,2018,9,8071.799999999999,2177105,1216000,324
964,전라북도,2018,9,7626.299999999999,1822635,940000,290
965,전라남도,2018,9,7761.599999999999,1796331,988000,314
966,경상북도,2018,9,8721.9,2675196,1488000,315
967,경상남도,2018,9,9061.8,3351332,1801000,305
968,제주특별자치도,2018,9,11002.2,654543,379000,258
969,서울특별시,2018,10,24347.4,9697449,5335000,356
970,인천광역시,2018,10,11352.0,2935848,1645000,301
971,경기도,2018,10,13648.8,13026541,7058000,323
972,부산광역시,2018,10,13318.8,3403116,1729000,296
973,대구광역시,2018,10,12536.7,2448800,1282000,276
974,광주광역시,2018,10,10045.2,1488439,779000,280
975,대전광역시,2018,10,11055.0,1513217,792000,318
976,울산광역시,2018,10,9537.0,1152725,602000,327
977,세종특별자치시,2018,10,10388.4,302249,152000,0
978,강원도,2018,10,7778.099999999999,1521442,812000,293
979,충청북도,2018,10,7867.2,1618090,898000,303
980,충청남도,2018,10,8071.799999999999,2177105,1216000,324
981,전라북도,2018,10,7659.299999999999,1822635,940000,290
982,전라남도,2018,10,7788.0,1796331,988000,314
983,경상북도,2018,10,8662.5,2675196,1488000,315
984,경상남도,2018,10,9223.5,3351332,1801000,305
985,제주특별자치도,2018,10,11002.2,654543,379000,258
986,서울특별시,2018,11,24317.7,9697449,5335000,356
987,인천광역시,2018,11,11724.9,2935848,1645000,301
988,경기도,2018,11,13698.3,13026541,7058000,323
989,부산광역시,2018,11,13332.0,3403116,1729000,296
990,대구광역시,2018,11,12622.5,2448800,1282000,276
991,광주광역시,2018,11,10563.3,1488439,779000,280
992,대전광역시,2018,11,11055.0,1513217,792000,318
993,울산광역시,2018,11,9537.0,1152725,602000,327
994,세종특별자치시,2018,11,10388.4,302249,152000,0
995,강원도,2018,11,7873.799999999999,1521442,812000,293
996,충청북도,2018,11,7811.099999999999,1618090,898000,303
997,충청남도,2018,11,7989.299999999999,2177105,1216000,324
998,전라북도,2018,11,7731.9,1822635,940000,290
999,전라남도,2018,11,7715.4,1796331,988000,314
1000,경상북도,2018,11,8847.3,2675196,1488000,315
1001,경상남도,2018,11,9230.1,3351332,1801000,305
1002,제주특별자치도,2018,11,10936.2,654543,379000,258
1003,서울특별시,2018,12,24413.4,9697449,5335000,356
1004,인천광역시,2018,12,11708.4,2935848,1645000,301
1005,경기도,2018,12,13777.5,13026541,7058000,323
1006,부산광역시,2018,12,13424.4,3403116,1729000,296
1007,대구광역시,2018,12,12952.5,2448800,1282000,276
1008,광주광역시,2018,12,10837.2,1488439,779000,280
1009,대전광역시,2018,12,12012.0,1513217,792000,318
1010,울산광역시,2018,12,,1152725,602000,327
1011,세종특별자치시,2018,12,10081.5,302249,152000,0
1012,강원도,2018,12,7675.799999999999,1521442,812000,293
1013,충청북도,2018,12,7811.099999999999,1618090,898000,303
1014,충청남도,2018,12,7969.5,2177105,1216000,324
1015,전라북도,2018,12,7854.0,1822635,940000,290
1016,전라남도,2018,12,7883.7,1796331,988000,314
1017,경상북도,2018,12,8847.3,2675196,1488000,315
1018,경상남도,2018,12,9675.6,3351332,1801000,305
1019,제주특별자치도,2018,12,11299.2,654543,379000,258
1020,서울특별시,2019,1,25080.0,9657296,5319000,370
1021,인천광역시,2019,1,11823.9,2952200,1653000,312
1022,경기도,2019,1,14051.4,13241253,7226000,338
1023,부산광역시,2019,1,13424.4,3381208,1741000,305
1024,대구광역시,2019,1,13143.9,2436776,1266000,290
1025,광주광역시,2019,1,10926.3,1489142,778000,294
1026,대전광역시,2019,1,12173.7,1503212,806000,328
1027,울산광역시,2019,1,,1145761,596000,337
1028,세종특별자치시,2019,1,10081.5,329422,172000,0
1029,강원도,2019,1,7784.7,1520117,841000,304
1030,충청북도,2019,1,7811.099999999999,1629249,908000,314
1031,충청남도,2019,1,8127.9,2189132,1231000,337
1032,전라북도,2019,1,7854.0,1811958,953000,299
1033,전라남도,2019,1,7966.2,1793043,999000,323
1034,경상북도,2019,1,8705.4,2671108,1488000,326
1035,경상남도,2019,1,9675.6,3350142,1817000,319
1036,제주특별자치도,2019,1,11299.2,663803,390000,271
1037,서울특별시,2019,2,25169.1,9657296,5319000,370
1038,인천광역시,2019,2,11847.0,2952200,1653000,312
1039,경기도,2019,2,14044.8,13241253,7226000,338
1040,부산광역시,2019,2,13424.4,3381208,1741000,305
1041,대구광역시,2019,2,13160.4,2436776,1266000,290
1042,광주광역시,2019,2,10926.3,1489142,778000,294
1043,대전광역시,2019,2,12173.7,1503212,806000,328
1044,울산광역시,2019,2,,1145761,596000,337
1045,세종특별자치시,2019,2,10081.5,329422,172000,0
1046,강원도,2019,2,7784.7,1520117,841000,304
1047,충청북도,2019,2,7550.4,1629249,908000,314
1048,충청남도,2019,2,8484.3,2189132,1231000,337
1049,전라북도,2019,2,7873.799999999999,1811958,953000,299
1050,전라남도,2019,2,7959.599999999999,1793043,999000,323
1051,경상북도,2019,2,8751.6,2671108,1488000,326
1052,경상남도,2019,2,9675.6,3350142,1817000,319
1053,제주특별자치도,2019,2,11299.2,663803,390000,271
1054,서울특별시,2019,3,25647.6,9657296,5319000,370
1055,인천광역시,2019,3,12150.6,2952200,1653000,312
1056,경기도,2019,3,14417.7,13241253,7226000,338
1057,부산광역시,2019,3,13424.4,3381208,1741000,305
1058,대구광역시,2019,3,13117.5,2436776,1266000,290
1059,광주광역시,2019,3,10926.3,1489142,778000,294
1060,대전광역시,2019,3,11913.0,1503212,806000,328
1061,울산광역시,2019,3,,1145761,596000,337
1062,세종특별자치시,2019,3,10081.5,329422,172000,0
1063,강원도,2019,3,7936.5,1520117,841000,304
1064,충청북도,2019,3,7560.299999999999,1629249,908000,314
1065,충청남도,2019,3,8570.1,2189132,1231000,337
1066,전라북도,2019,3,8091.599999999999,1811958,953000,299
1067,전라남도,2019,3,7880.4,1793043,999000,323
1068,경상북도,2019,3,8741.699999999999,2671108,1488000,326
1069,경상남도,2019,3,9494.1,3350142,1817000,319
1070,제주특별자치도,2019,3,11299.2,663803,390000,271
1071,서울특별시,2019,4,25687.2,9657296,5319000,370
1072,인천광역시,2019,4,12150.6,2952200,1653000,312
1073,경기도,2019,4,14556.3,13241253,7226000,338
1074,부산광역시,2019,4,12959.1,3381208,1741000,305
1075,대구광역시,2019,4,13249.5,2436776,1266000,290
1076,광주광역시,2019,4,10932.9,1489142,778000,294
1077,대전광역시,2019,4,11820.6,1503212,806000,328
1078,울산광역시,2019,4,,1145761,596000,337
1079,세종특별자치시,2019,4,11411.4,329422,172000,0
1080,강원도,2019,4,8362.199999999999,1520117,841000,304
1081,충청북도,2019,4,7596.599999999999,1629249,908000,314
1082,충청남도,2019,4,8609.699999999999,2189132,1231000,337
1083,전라북도,2019,4,7953.0,1811958,953000,299
1084,전라남도,2019,4,7623.0,1793043,999000,323
1085,경상북도,2019,4,8642.699999999999,2671108,1488000,326
1086,경상남도,2019,4,9348.9,3350142,1817000,319
1087,제주특별자치도,2019,4,11355.3,663803,390000,271
1088,서울특별시,2019,5,25693.8,9657296,5319000,370
1089,인천광역시,2019,5,12807.3,2952200,1653000,312
1090,경기도,2019,5,14358.3,13241253,7226000,338
1091,부산광역시,2019,5,12949.2,3381208,1741000,305
1092,대구광역시,2019,5,13579.5,2436776,1266000,290
1093,광주광역시,2019,5,11602.8,1489142,778000,294
1094,대전광역시,2019,5,11820.6,1503212,806000,328
1095,울산광역시,2019,5,,1145761,596000,337
1096,세종특별자치시,2019,5,11411.4,329422,172000,0
1097,강원도,2019,5,8236.8,1520117,841000,304
1098,충청북도,2019,5,7580.099999999999,1629249,908000,314
1099,충청남도,2019,5,8916.6,2189132,1231000,337
1100,전라북도,2019,5,8147.7,1811958,953000,299
1101,전라남도,2019,5,7484.4,1793043,999000,323
1102,경상북도,2019,5,8378.699999999999,2671108,1488000,326
1103,경상남도,2019,5,9705.3,3350142,1817000,319
1104,제주특별자치도,2019,5,11355.3,663803,390000,271
1105,서울특별시,2019,6,26730.0,9657296,5319000,370
1106,인천광역시,2019,6,12827.1,2952200,1653000,312
1107,경기도,2019,6,14952.3,13241253,7226000,338
1108,부산광역시,2019,6,12889.8,3381208,1741000,305
1109,대구광역시,2019,6,13747.8,2436776,1266000,290
1110,광주광역시,2019,6,11863.5,1489142,778000,294
1111,대전광역시,2019,6,11470.8,1503212,806000,328
1112,울산광역시,2019,6,,1145761,596000,337
1113,세종특별자치시,2019,6,11411.4,329422,172000,0
1114,강원도,2019,6,8276.4,1520117,841000,304
1115,충청북도,2019,6,7679.099999999999,1629249,908000,314
1116,충청남도,2019,6,8639.4,2189132,1231000,337
1117,전라북도,2019,6,8147.7,1811958,953000,299
1118,전라남도,2019,6,7656.0,1793043,999000,323
1119,경상북도,2019,6,8378.699999999999,2671108,1488000,326
1120,경상남도,2019,6,9791.1,3350142,1817000,319
1121,제주특별자치도,2019,6,12355.2,663803,390000,271
1122,서울특별시,2019,7,26621.1,9657296,5319000,370
1123,인천광역시,2019,7,12827.1,2952200,1653000,312
1124,경기도,2019,7,14147.1,13241253,7226000,338
1125,부산광역시,2019,7,12777.6,3381208,1741000,305
1126,대구광역시,2019,7,14180.1,2436776,1266000,290
1127,광주광역시,2019,7,12381.6,1489142,778000,294
1128,대전광역시,2019,7,11474.1,1503212,806000,328
1129,울산광역시,2019,7,,1145761,596000,337
1130,세종특별자치시,2019,7,11411.4,329422,172000,0
1131,강원도,2019,7,8220.3,1520117,841000,304
1132,충청북도,2019,7,7557.0,1629249,908000,314
1133,충청남도,2019,7,8811.0,2189132,1231000,337
1134,전라북도,2019,7,8210.4,1811958,953000,299
1135,전라남도,2019,7,7722.0,1793043,999000,323
1136,경상북도,2019,7,8378.699999999999,2671108,1488000,326
1137,경상남도,2019,7,9791.1,3350142,1817000,319
1138,제주특별자치도,2019,7,12767.7,663803,390000,271
1139,서울특별시,2019,8,26706.9,9657296,5319000,370
1140,인천광역시,2019,8,13005.3,2952200,1653000,312
1141,경기도,2019,8,14331.9,13241253,7226000,338
1142,부산광역시,2019,8,12972.3,3381208,1741000,305
1143,대구광역시,2019,8,14239.5,2436776,1266000,290
1144,광주광역시,2019,8,12279.3,1489142,778000,294
1145,대전광역시,2019,8,11170.5,1503212,806000,328
1146,울산광역시,2019,8,,1145761,596000,337
1147,세종특별자치시,2019,8,11411.4,329422,172000,0
1148,강원도,2019,8,8223.6,1520117,841000,304
1149,충청북도,2019,8,7388.7,1629249,908000,314
1150,충청남도,2019,8,8715.3,2189132,1231000,337
1151,전라북도,2019,8,8679.0,1811958,953000,299
1152,전라남도,2019,8,7735.2,1793043,999000,323
1153,경상북도,2019,8,8682.3,2671108,1488000,326
1154,경상남도,2019,8,9824.1,3350142,1817000,319
1155,제주특별자치도,2019,8,12767.7,663803,390000,271
1156,서울특별시,2019,9,26680.5,9657296,5319000,370
1157,인천광역시,2019,9,13005.3,2952200,1653000,312
1158,경기도,2019,9,14655.3,13241253,7226000,338
1159,부산광역시,2019,9,13275.9,3381208,1741000,305
1160,대구광역시,2019,9,14381.4,2436776,1266000,290
1161,광주광역시,2019,9,12279.3,1489142,778000,294
1162,대전광역시,2019,9,11358.6,1503212,806000,328
1163,울산광역시,2019,9,8992.5,1145761,596000,337
1164,세종특별자치시,2019,9,11411.4,329422,172000,0
1165,강원도,2019,9,8190.599999999999,1520117,841000,304
1166,충청북도,2019,9,7467.9,1629249,908000,314
1167,충청남도,2019,9,8523.9,2189132,1231000,337
1168,전라북도,2019,9,8679.0,1811958,953000,299
1169,전라남도,2019,9,8187.299999999999,1793043,999000,323
1170,경상북도,2019,9,8771.4,2671108,1488000,326
1171,경상남도,2019,9,9883.5,3350142,1817000,319
1172,제주특별자치도,2019,9,12767.7,663803,390000,271
1173,서울특별시,2019,10,26700.3,9657296,5319000,370
1174,인천광역시,2019,10,13025.1,2952200,1653000,312
1175,경기도,2019,10,14589.3,13241253,7226000,338
1176,부산광역시,2019,10,13332.0,3381208,1741000,305
1177,대구광역시,2019,10,14536.5,2436776,1266000,290
1178,광주광역시,2019,10,12444.3,1489142,778000,294
1179,대전광역시,2019,10,11985.6,1503212,806000,328
1180,울산광역시,2019,10,10362.0,1145761,596000,337
1181,세종특별자치시,2019,10,11411.4,329422,172000,0
1182,강원도,2019,10,8118.0,1520117,841000,304
1183,충청북도,2019,10,7497.599999999999,1629249,908000,314
1184,충청남도,2019,10,8586.6,2189132,1231000,337
1185,전라북도,2019,10,8434.8,1811958,953000,299
1186,전라남도,2019,10,8230.199999999999,1793043,999000,323
1187,경상북도,2019,10,9616.2,2671108,1488000,326
1188,경상남도,2019,10,10589.7,3350142,1817000,319
1189,제주특별자치도,2019,10,12767.7,663803,390000,271
1190,서울특별시,2019,11,26604.6,9657296,5319000,370
1191,인천광역시,2019,11,12942.6,2952200,1653000,312
1192,경기도,2019,11,14694.9,13241253,7226000,338
1193,부산광역시,2019,11,13150.5,3381208,1741000,305
1194,대구광역시,2019,11,14460.6,2436776,1266000,290
1195,광주광역시,2019,11,12658.8,1489142,778000,294
1196,대전광역시,2019,11,11985.6,1503212,806000,328
1197,울산광역시,2019,11,10362.0,1145761,596000,337
1198,세종특별자치시,2019,11,11411.4,329422,172000,0
1199,강원도,2019,11,8283.0,1520117,841000,304
1200,충청북도,2019,11,7599.9,1629249,908000,314
1201,충청남도,2019,11,8586.6,2189132,1231000,337
1202,전라북도,2019,11,8144.4,1811958,953000,299
1203,전라남도,2019,11,8292.9,1793043,999000,323
1204,경상북도,2019,11,9616.2,2671108,1488000,326
1205,경상남도,2019,11,10563.3,3350142,1817000,319
1206,제주특별자치도,2019,11,12810.6,663803,390000,271
1207,서울특별시,2019,12,26251.5,9657296,5319000,370
1208,인천광역시,2019,12,13206.6,2952200,1653000,312
1209,경기도,2019,12,14826.9,13241253,7226000,338
1210,부산광역시,2019,12,12817.2,3381208,1741000,305
1211,대구광역시,2019,12,14427.6,2436776,1266000,290
1212,광주광역시,2019,12,12652.2,1489142,778000,294
1213,대전광역시,2019,12,11985.6,1503212,806000,328
1214,울산광역시,2019,12,10371.9,1145761,596000,337
1215,세종특별자치시,2019,12,11411.4,329422,172000,0
1216,강원도,2019,12,8283.0,1520117,841000,304
1217,충청북도,2019,12,7606.5,1629249,908000,314
1218,충청남도,2019,12,8712.0,2189132,1231000,337
1219,전라북도,2019,12,8144.4,1811958,953000,299
1220,전라남도,2019,12,8091.599999999999,1793043,999000,323
1221,경상북도,2019,12,9616.2,2671108,1488000,326
1222,경상남도,2019,12,10107.9,3350142,1817000,319
1223,제주특별자치도,2019,12,12810.6,663803,390000,271
1224,서울특별시,2020,1,26799.3,9617795,5293000,374
1225,인천광역시,2020,1,13216.5,2951065,1634000,317
1226,경기도,2020,1,14859.9,13452422,7193000,346
1227,부산광역시,2020,1,12817.2,3355632,1712000,312
1228,대구광역시,2020,1,14586.0,2414262,1232000,293
1229,광주광역시,2020,1,12681.9,1479550,778000,298
1230,대전광역시,2020,1,11985.6,1491876,816000,330
1231,울산광역시,2020,1,10371.9,1139069,585000,343
1232,세종특별자치시,2020,1,11411.4,348302,185000,342
1233,강원도,2020,1,8207.1,1519291,827000,305
1234,충청북도,2020,1,7606.5,1630839,919000,320
1235,충청남도,2020,1,8712.0,2176641,1218000,339
1236,전라북도,2020,1,8144.4,1805688,956000,302
1237,전라남도,2020,1,8200.5,1793108,998000,325
1238,경상북도,2020,1,10144.2,2651789,1478000,331
1239,경상남도,2020,1,10107.9,3340211,1802000,326
1240,제주특별자치도,2020,1,13051.5,668699,388000,272
1241,서울특별시,2020,2,26307.6,9617795,5293000,374
1242,인천광역시,2020,2,13477.2,2951065,1634000,317
1243,경기도,2020,2,14856.6,13452422,7193000,346
1244,부산광역시,2020,2,12949.2,3355632,1712000,312
1245,대구광역시,2020,2,14586.0,2414262,1232000,293
1246,광주광역시,2020,2,12681.9,1479550,778000,298
1247,대전광역시,2020,2,11985.6,1491876,816000,330
1248,울산광역시,2020,2,10371.9,1139069,585000,343
1249,세종특별자치시,2020,2,11411.4,348302,185000,342
1250,강원도,2020,2,8325.9,1519291,827000,305
1251,충청북도,2020,2,7903.5,1630839,919000,320
1252,충청남도,2020,2,8593.199999999999,2176641,1218000,339
1253,전라북도,2020,2,8144.4,1805688,956000,302
1254,전라남도,2020,2,8269.8,1793108,998000,325
1255,경상북도,2020,2,8431.5,2651789,1478000,331
1256,경상남도,2020,2,10107.9,3340211,1802000,326
1257,제주특별자치도,2020,2,13051.5,668699,388000,272
1258,서울특별시,2020,3,26495.7,9617795,5293000,374
1259,인천광역시,2020,3,14058.0,2951065,1634000,317
1260,경기도,2020,3,14770.8,13452422,7193000,346
1261,부산광역시,2020,3,13035.0,3355632,1712000,312
1262,대구광역시,2020,3,14843.4,2414262,1232000,293
1263,광주광역시,2020,3,12681.9,1479550,778000,298
1264,대전광역시,2020,3,11226.6,1491876,816000,330
1265,울산광역시,2020,3,10371.9,1139069,585000,343
1266,세종특별자치시,2020,3,11411.4,348302,185000,342
1267,강원도,2020,3,8144.4,1519291,827000,305
1268,충청북도,2020,3,7920.0,1630839,919000,320
1269,충청남도,2020,3,8606.4,2176641,1218000,339
1270,전라북도,2020,3,8144.4,1805688,956000,302
1271,전라남도,2020,3,8500.8,1793108,998000,325
1272,경상북도,2020,3,8431.5,2651789,1478000,331
1273,경상남도,2020,3,9794.4,3340211,1802000,326
1274,제주특별자치도,2020,3,13051.5,668699,388000,272
1275,서울특별시,2020,4,26367.0,9617795,5293000,374
1276,인천광역시,2020,4,14067.9,2951065,1634000,317
1277,경기도,2020,4,15057.9,13452422,7193000,346
1278,부산광역시,2020,4,12896.4,3355632,1712000,312
1279,대구광역시,2020,4,15100.8,2414262,1232000,293
1280,광주광역시,2020,4,12685.2,1479550,778000,298
1281,대전광역시,2020,4,11074.8,1491876,816000,330
1282,울산광역시,2020,4,10371.9,1139069,585000,343
1283,세종특별자치시,2020,4,,348302,185000,342
1284,강원도,2020,4,8708.699999999999,1519291,827000,305
1285,충청북도,2020,4,7920.0,1630839,919000,320
1286,충청남도,2020,4,8708.699999999999,2176641,1218000,339
1287,전라북도,2020,4,8259.9,1805688,956000,302
1288,전라남도,2020,4,8550.3,1793108,998000,325
1289,경상북도,2020,4,8807.699999999999,2651789,1478000,331
1290,경상남도,2020,4,10404.9,3340211,1802000,326
1291,제주특별자치도,2020,4,13480.5,668699,388000,272
1292,서울특별시,2020,5,27030.3,9617795,5293000,374
1293,인천광역시,2020,5,14338.5,2951065,1634000,317
1294,경기도,2020,5,13942.5,13452422,7193000,346
1295,부산광역시,2020,5,13272.6,3355632,1712000,312
1296,대구광역시,2020,5,15335.1,2414262,1232000,293
1297,광주광역시,2020,5,12648.9,1479550,778000,298
1298,대전광역시,2020,5,11008.8,1491876,816000,330
1299,울산광역시,2020,5,10969.2,1139069,585000,343
1300,세종특별자치시,2020,5,,348302,185000,342
1301,강원도,2020,5,8784.6,1519291,827000,305
1302,충청북도,2020,5,7936.5,1630839,919000,320
1303,충청남도,2020,5,8735.1,2176641,1218000,339
1304,전라북도,2020,5,8184.0,1805688,956000,302
1305,전라남도,2020,5,8576.699999999999,1793108,998000,325
1306,경상북도,2020,5,8807.699999999999,2651789,1478000,331
1307,경상남도,2020,5,9969.3,3340211,1802000,326
1308,제주특별자치도,2020,5,14902.8,668699,388000,272
1309,서울특별시,2020,6,27558.3,9617795,5293000,374
1310,인천광역시,2020,6,14661.9,2951065,1634000,317
1311,경기도,2020,6,13586.1,13452422,7193000,346
1312,부산광역시,2020,6,13272.6,3355632,1712000,312
1313,대구광역시,2020,6,15173.4,2414262,1232000,293
1314,광주광역시,2020,6,12599.4,1479550,778000,298
1315,대전광역시,2020,6,11246.4,1491876,816000,330
1316,울산광역시,2020,6,12371.7,1139069,585000,343
1317,세종특별자치시,2020,6,,348302,185000,342
1318,강원도,2020,6,9084.9,1519291,827000,305
1319,충청북도,2020,6,7949.7,1630839,919000,320
1320,충청남도,2020,6,8847.3,2176641,1218000,339
1321,전라북도,2020,6,8259.9,1805688,956000,302
1322,전라남도,2020,6,8566.8,1793108,998000,325
1323,경상북도,2020,6,8807.699999999999,2651789,1478000,331
1324,경상남도,2020,6,10329.0,3340211,1802000,326
1325,제주특별자치도,2020,6,14922.6,668699,388000,272
1326,서울특별시,2020,7,26763.0,9617795,5293000,374
1327,인천광역시,2020,7,14635.5,2951065,1634000,317
1328,경기도,2020,7,14322.0,13452422,7193000,346
1329,부산광역시,2020,7,13467.3,3355632,1712000,312
1330,대구광역시,2020,7,15312.0,2414262,1232000,293
1331,광주광역시,2020,7,12688.5,1479550,778000,298
1332,대전광역시,2020,7,11051.7,1491876,816000,330
1333,울산광역시,2020,7,12790.8,1139069,585000,343
1334,세종특별자치시,2020,7,,348302,185000,342
1335,강원도,2020,7,9457.8,1519291,827000,305
1336,충청북도,2020,7,7949.7,1630839,919000,320
1337,충청남도,2020,7,8936.4,2176641,1218000,339
1338,전라북도,2020,7,8190.599999999999,1805688,956000,302
1339,전라남도,2020,7,8553.6,1793108,998000,325
1340,경상북도,2020,7,9744.9,2651789,1478000,331
1341,경상남도,2020,7,10276.2,3340211,1802000,326
1342,제주특별자치도,2020,7,15338.4,668699,388000,272
1343,서울특별시,2020,8,26723.4,9617795,5293000,374
1344,인천광역시,2020,8,15318.6,2951065,1634000,317
1345,경기도,2020,8,13972.2,13452422,7193000,346
1346,부산광역시,2020,8,13266.0,3355632,1712000,312
1347,대구광역시,2020,8,15292.2,2414262,1232000,293
1348,광주광역시,2020,8,12190.2,1479550,778000,298
1349,대전광역시,2020,8,10982.4,1491876,816000,330
1350,울산광역시,2020,8,13645.5,1139069,585000,343
1351,세종특별자치시,2020,8,,348302,185000,342
1352,강원도,2020,8,9867.0,1519291,827000,305
1353,충청북도,2020,8,7929.9,1630839,919000,320
1354,충청남도,2020,8,8946.3,2176641,1218000,339
1355,전라북도,2020,8,8190.599999999999,1805688,956000,302
1356,전라남도,2020,8,8873.699999999999,1793108,998000,325
1357,경상북도,2020,8,10216.8,2651789,1478000,331
1358,경상남도,2020,8,10276.2,3340211,1802000,326
1359,제주특별자치도,2020,8,15338.4,668699,388000,272
1360,서울특별시,2020,9,26776.2,9617795,5293000,374
1361,인천광역시,2020,9,15318.6,2951065,1634000,317
1362,경기도,2020,9,14097.6,13452422,7193000,346
1363,부산광역시,2020,9,13266.0,3355632,1712000,312
1364,대구광역시,2020,9,15325.2,2414262,1232000,293
1365,광주광역시,2020,9,12282.6,1479550,778000,298
1366,대전광역시,2020,9,10827.3,1491876,816000,330
1367,울산광역시,2020,9,13734.6,1139069,585000,343
1368,세종특별자치시,2020,9,,348302,185000,342
1369,강원도,2020,9,10322.4,1519291,827000,305
1370,충청북도,2020,9,7900.2,1630839,919000,320
1371,충청남도,2020,9,9015.6,2176641,1218000,339
1372,전라북도,2020,9,8309.4,1805688,956000,302
1373,전라남도,2020,9,8853.9,1793108,998000,325
1374,경상북도,2020,9,10216.8,2651789,1478000,331
1375,경상남도,2020,9,10276.2,3340211,1802000,326
1376,제주특별자치도,2020,9,15338.4,668699,388000,272
1377,서울특별시,2020,10,26660.7,9617795,5293000,374
1378,인천광역시,2020,10,15576.0,2951065,1634000,317
1379,경기도,2020,10,14341.8,13452422,7193000,346
1380,부산광역시,2020,10,13114.2,3355632,1712000,312
1381,대구광역시,2020,10,15404.4,2414262,1232000,293
1382,광주광역시,2020,10,12282.6,1479550,778000,298
1383,대전광역시,2020,10,10579.8,1491876,816000,330
1384,울산광역시,2020,10,13803.9,1139069,585000,343
1385,세종특별자치시,2020,10,11299.2,348302,185000,342
1386,강원도,2020,10,10322.4,1519291,827000,305
1387,충청북도,2020,10,7893.599999999999,1630839,919000,320
1388,충청남도,2020,10,8880.3,2176641,1218000,339
1389,전라북도,2020,10,8487.6,1805688,956000,302
1390,전라남도,2020,10,8969.4,1793108,998000,325
1391,경상북도,2020,10,10114.5,2651789,1478000,331
1392,경상남도,2020,10,10253.1,3340211,1802000,326
1393,제주특별자치도,2020,10,15338.4,668699,388000,272
1394,서울특별시,2020,11,27172.2,9617795,5293000,374
1395,인천광역시,2020,11,15737.7,2951065,1634000,317
1396,경기도,2020,11,14318.7,13452422,7193000,346
1397,부산광역시,2020,11,13569.6,3355632,1712000,312
1398,대구광역시,2020,11,15457.2,2414262,1232000,293
1399,광주광역시,2020,11,12358.5,1479550,778000,298
1400,대전광역시,2020,11,10579.8,1491876,816000,330
1401,울산광역시,2020,11,13803.9,1139069,585000,343
1402,세종특별자치시,2020,11,11299.2,348302,185000,342
1403,강원도,2020,11,10395.0,1519291,827000,305
1404,충청북도,2020,11,8078.4,1630839,919000,320
1405,충청남도,2020,11,9180.6,2176641,1218000,339
1406,전라북도,2020,11,8679.0,1805688,956000,302
1407,전라남도,2020,11,9104.7,1793108,998000,325
1408,경상북도,2020,11,10470.9,2651789,1478000,331
1409,경상남도,2020,11,10272.9,3340211,1802000,326
1410,제주특별자치도,2020,11,15338.4,668699,388000,272
1411,서울특별시,2020,12,28267.8,9617795,5293000,374
1412,인천광역시,2020,12,15681.6,2951065,1634000,317
1413,경기도,2020,12,14473.8,13452422,7193000,346
1414,부산광역시,2020,12,14044.8,3355632,1712000,312
1415,대구광역시,2020,12,15325.2,2414262,1232000,293
1416,광주광역시,2020,12,12219.9,1479550,778000,298
1417,대전광역시,2020,12,10579.8,1491876,816000,330
1418,울산광역시,2020,12,13827.0,1139069,585000,343
1419,세종특별자치시,2020,12,11299.2,348302,185000,342
1420,강원도,2020,12,10355.4,1519291,827000,305
1421,충청북도,2020,12,8527.199999999999,1630839,919000,320
1422,충청남도,2020,12,9111.3,2176641,1218000,339
1423,전라북도,2020,12,8811.0,1805688,956000,302
1424,전라남도,2020,12,9342.3,1793108,998000,325
1425,경상북도,2020,12,10345.5,2651789,1478000,331
1426,경상남도,2020,12,9860.4,3340211,1802000,326
1427,제주특별자치도,2020,12,15338.4,668699,388000,272
1428,서울특별시,2021,1,28267.8,9501528,5312000,390
1429,인천광역시,2021,1,15602.4,2940927,1629000,330
1430,경기도,2021,1,14414.4,13611628,7422000,361
1431,부산광역시,2021,1,14038.2,3327350,1715000,328
1432,대구광역시,2021,1,15354.9,2387631,1265000,309
1433,광주광역시,2021,1,12906.3,1468912,772000,314
1434,대전광역시,2021,1,10579.8,1478831,811000,340
1435,울산광역시,2021,1,13787.4,1123676,575000,351
1436,세종특별자치시,2021,1,12533.4,366165,189000,353
1437,강원도,2021,1,10355.4,1520457,840000,316
1438,충청북도,2021,1,8527.199999999999,1632358,920000,331
1439,충청남도,2021,1,9111.3,2176548,1221000,356
1440,전라북도,2021,1,8708.699999999999,1794192,974000,308
1441,전라남도,2021,1,9329.1,1782951,1008000,335
1442,경상북도,2021,1,10345.5,2640965,1457000,345
1443,경상남도,2021,1,9860.4,3317568,1805000,339
1444,제주특별자치도,2021,1,17156.7,673189,395000,290
1445,서울특별시,2021,2,28182.0,9501528,5312000,390
1446,인천광역시,2021,2,15651.9,2940927,1629000,330
1447,경기도,2021,2,14460.6,13611628,7422000,361
1448,부산광역시,2021,2,14163.6,3327350,1715000,328
1449,대구광역시,2021,2,15328.5,2387631,1265000,309
1450,광주광역시,2021,2,13902.9,1468912,772000,314
1451,대전광역시,2021,2,11358.6,1478831,811000,340
1452,울산광역시,2021,2,13787.4,1123676,575000,351
1453,세종특별자치시,2021,2,12533.4,366165,189000,353
1454,강원도,2021,2,10401.6,1520457,840000,316
1455,충청북도,2021,2,8606.4,1632358,920000,331
1456,충청남도,2021,2,9141.0,2176548,1221000,356
1457,전라북도,2021,2,8718.6,1794192,974000,308
1458,전라남도,2021,2,9827.4,1782951,1008000,335
1459,경상북도,2021,2,10107.9,2640965,1457000,345
1460,경상남도,2021,2,10309.2,3317568,1805000,339
1461,제주특별자치도,2021,2,17156.7,673189,395000,290
1462,서울특별시,2021,3,28290.9,9501528,5312000,390
1463,인천광역시,2021,3,15717.9,2940927,1629000,330
1464,경기도,2021,3,14440.8,13611628,7422000,361
1465,부산광역시,2021,3,14163.6,3327350,1715000,328
1466,대구광역시,2021,3,15470.4,2387631,1265000,309
1467,광주광역시,2021,3,13919.4,1468912,772000,314
1468,대전광역시,2021,3,11358.6,1478831,811000,340
1469,울산광역시,2021,3,13965.6,1123676,575000,351
1470,세종특별자치시,2021,3,12533.4,366165,189000,353
1471,강원도,2021,3,9576.6,1520457,840000,316
1472,충청북도,2021,3,8619.6,1632358,920000,331
1473,충청남도,2021,3,9124.5,2176548,1221000,356
1474,전라북도,2021,3,8718.6,1794192,974000,308
1475,전라남도,2021,3,9909.9,1782951,1008000,335
1476,경상북도,2021,3,10107.9,2640965,1457000,345
1477,경상남도,2021,3,10404.9,3317568,1805000,339
1478,제주특별자치도,2021,3,23756.7,673189,395000,290
1479,서울특별시,2021,4,28135.8,9501528,5312000,390
1480,인천광역시,2021,4,15549.6,2940927,1629000,330
1481,경기도,2021,4,14364.9,13611628,7422000,361
1482,부산광역시,2021,4,14427.6,3327350,1715000,328
1483,대구광역시,2021,4,15536.4,2387631,1265000,309
1484,광주광역시,2021,4,13919.4,1468912,772000,314
1485,대전광역시,2021,4,11484.0,1478831,811000,340
1486,울산광역시,2021,4,14312.1,1123676,575000,351
1487,세종특별자치시,2021,4,12533.4,366165,189000,353
1488,강원도,2021,4,9504.0,1520457,840000,316
1489,충청북도,2021,4,8586.6,1632358,920000,331
1490,충청남도,2021,4,9170.7,2176548,1221000,356
1491,전라북도,2021,4,8761.5,1794192,974000,308
1492,전라남도,2021,4,9669.0,1782951,1008000,335
1493,경상북도,2021,4,10190.4,2640965,1457000,345
1494,경상남도,2021,4,10296.0,3317568,1805000,339
1495,제주특별자치도,2021,4,23756.7,673189,395000,290
1496,서울특별시,2021,5,28597.8,9501528,5312000,390
1497,인천광역시,2021,5,15189.9,2940927,1629000,330
1498,경기도,2021,5,13982.1,13611628,7422000,361
1499,부산광역시,2021,5,14579.4,3327350,1715000,328
1500,대구광역시,2021,5,15519.9,2387631,1265000,309
1501,광주광역시,2021,5,13978.8,1468912,772000,314
1502,대전광역시,2021,5,12213.3,1478831,811000,340
1503,울산광역시,2021,5,14586.0,1123676,575000,351
1504,세종특별자치시,2021,5,12533.4,366165,189000,353
1505,강원도,2021,5,9454.5,1520457,840000,316
1506,충청북도,2021,5,8586.6,1632358,920000,331
1507,충청남도,2021,5,9177.3,2176548,1221000,356
1508,전라북도,2021,5,8853.9,1794192,974000,308
1509,전라남도,2021,5,9659.1,1782951,1008000,335
1510,경상북도,2021,5,9989.1,2640965,1457000,345
1511,경상남도,2021,5,10197.0,3317568,1805000,339
1512,제주특별자치도,2021,5,24783.0,673189,395000,290
1513,서울특별시,2021,6,29142.3,9501528,5312000,390
1514,인천광역시,2021,6,14883.0,2940927,1629000,330
1515,경기도,2021,6,13797.3,13611628,7422000,361
1516,부산광역시,2021,6,14539.8,3327350,1715000,328
1517,대구광역시,2021,6,15496.8,2387631,1265000,309
1518,광주광역시,2021,6,14173.5,1468912,772000,314
1519,대전광역시,2021,6,12196.8,1478831,811000,340
1520,울산광역시,2021,6,14701.5,1123676,575000,351
1521,세종특별자치시,2021,6,12533.4,366165,189000,353
1522,강원도,2021,6,9639.3,1520457,840000,316
1523,충청북도,2021,6,8669.1,1632358,920000,331
1524,충청남도,2021,6,9266.4,2176548,1221000,356
1525,전라북도,2021,6,8814.3,1794192,974000,308
1526,전라남도,2021,6,10074.9,1782951,1008000,335
1527,경상북도,2021,6,10061.7,2640965,1457000,345
1528,경상남도,2021,6,10230.0,3317568,1805000,339
1529,제주특별자치도,2021,6,24783.0,673189,395000,290
1530,서울특별시,2021,7,30396.3,9501528,5312000,390
1531,인천광역시,2021,7,14859.9,2940927,1629000,330
1532,경기도,2021,7,13688.4,13611628,7422000,361
1533,부산광역시,2021,7,14493.6,3327350,1715000,328
1534,대구광역시,2021,7,15467.1,2387631,1265000,309
1535,광주광역시,2021,7,14163.6,1468912,772000,314
1536,대전광역시,2021,7,12196.8,1478831,811000,340
1537,울산광역시,2021,7,14747.7,1123676,575000,351
1538,세종특별자치시,2021,7,12553.2,366165,189000,353
1539,강원도,2021,7,9253.2,1520457,840000,316
1540,충청북도,2021,7,8685.6,1632358,920000,331
1541,충청남도,2021,7,9345.6,2176548,1221000,356
1542,전라북도,2021,7,8893.5,1794192,974000,308
1543,전라남도,2021,7,10249.8,1782951,1008000,335
1544,경상북도,2021,7,10602.9,2640965,1457000,345
1545,경상남도,2021,7,10665.6,3317568,1805000,339
1546,제주특별자치도,2021,7,27574.8,673189,395000,290
1547,서울특별시,2021,8,31346.7,9501528,5312000,390
1548,인천광역시,2021,8,14239.5,2940927,1629000,330
1549,경기도,2021,8,13747.8,13611628,7422000,361
1550,부산광역시,2021,8,14381.4,3327350,1715000,328
1551,대구광역시,2021,8,15536.4,2387631,1265000,309
1552,광주광역시,2021,8,14160.3,1468912,772000,314
1553,대전광역시,2021,8,12196.8,1478831,811000,340
1554,울산광역시,2021,8,14364.9,1123676,575000,351
1555,세종특별자치시,2021,8,12553.2,366165,189000,353
1556,강원도,2021,8,9253.2,1520457,840000,316
1557,충청북도,2021,8,8698.8,1632358,920000,331
1558,충청남도,2021,8,9500.7,2176548,1221000,356
1559,전라북도,2021,8,8877.0,1794192,974000,308
1560,전라남도,2021,8,10490.7,1782951,1008000,335
1561,경상북도,2021,8,10602.9,2640965,1457000,345
1562,경상남도,2021,8,10642.5,3317568,1805000,339
1563,제주특별자치도,2021,8,27574.8,673189,395000,290
1564,서울특별시,2021,9,31353.3,9501528,5312000,390
1565,인천광역시,2021,9,14239.5,2940927,1629000,330
1566,경기도,2021,9,13949.1,13611628,7422000,361
1567,부산광역시,2021,9,14381.4,3327350,1715000,328
1568,대구광역시,2021,9,15675.0,2387631,1265000,309
1569,광주광역시,2021,9,14315.4,1468912,772000,314
1570,대전광역시,2021,9,12266.1,1478831,811000,340
1571,울산광역시,2021,9,14199.9,1123676,575000,351
1572,세종특별자치시,2021,9,12553.2,366165,189000,353
1573,강원도,2021,9,9428.1,1520457,840000,316
1574,충청북도,2021,9,8731.8,1632358,920000,331
1575,충청남도,2021,9,9543.6,2176548,1221000,356
1576,전라북도,2021,9,8715.3,1794192,974000,308
1577,전라남도,2021,9,10487.4,1782951,1008000,335
1578,경상북도,2021,9,10345.5,2640965,1457000,345
1579,경상남도,2021,9,10873.5,3317568,1805000,339
1580,제주특별자치도,2021,9,27574.8,673189,395000,290
1581,서울특별시,2021,10,31884.6,9501528,5312000,390
1582,인천광역시,2021,10,14242.8,2940927,1629000,330
1583,경기도,2021,10,13866.6,13611628,7422000,361
1584,부산광역시,2021,10,14586.0,3327350,1715000,328
1585,대구광역시,2021,10,15582.6,2387631,1265000,309
1586,광주광역시,2021,10,14094.3,1468912,772000,314
1587,대전광역시,2021,10,12351.9,1478831,811000,340
1588,울산광역시,2021,10,14199.9,1123676,575000,351
1589,세종특별자치시,2021,10,12767.7,366165,189000,353
1590,강원도,2021,10,9804.3,1520457,840000,316
1591,충청북도,2021,10,8731.8,1632358,920000,331
1592,충청남도,2021,10,9629.4,2176548,1221000,356
1593,전라북도,2021,10,8860.5,1794192,974000,308
1594,전라남도,2021,10,9886.8,1782951,1008000,335
1595,경상북도,2021,10,10332.3,2640965,1457000,345
1596,경상남도,2021,10,10969.2,3317568,1805000,339
1597,제주특별자치도,2021,10,22638.0,673189,395000,290
1598,서울특별시,2021,11,32841.6,9501528,5312000,390
1599,인천광역시,2021,11,14704.8,2940927,1629000,330
1600,경기도,2021,11,14774.1,13611628,7422000,361
1601,부산광역시,2021,11,15226.2,3327350,1715000,328
1602,대구광역시,2021,11,15721.2,2387631,1265000,309
1603,광주광역시,2021,11,14180.1,1468912,772000,314
1604,대전광역시,2021,11,12351.9,1478831,811000,340
1605,울산광역시,2021,11,14199.9,1123676,575000,351
1606,세종특별자치시,2021,11,12767.7,366165,189000,353
1607,강원도,2021,11,9929.7,1520457,840000,316
1608,충청북도,2021,11,8725.199999999999,1632358,920000,331
1609,충청남도,2021,11,9471.0,2176548,1221000,356
1610,전라북도,2021,11,8976.0,1794192,974000,308
1611,전라남도,2021,11,9764.7,1782951,1008000,335
1612,경상북도,2021,11,10434.6,2640965,1457000,345
1613,경상남도,2021,11,10692.0,3317568,1805000,339
1614,제주특별자치도,2021,11,22638.0,673189,395000,290
